time,gFx,gFy,gFz,TgF
0.004394769,0.7069,-0.0741,0.7391,1.025
0.004635692,0.7043,-0.0702,0.7382,1.023
0.007932,0.7016,-0.0670,0.7315,1.016
0.013334769,0.7006,-0.0653,0.7230,1.009
0.018101462,0.6996,-0.0648,0.7166,1.004
0.030772846,0.6982,-0.0643,0.7164,1.002
0.031232231,0.6945,-0.0626,0.7184,1.001
0.033111923,0.6913,-0.0597,0.7247,1.003
0.043703615,0.6892,-0.0604,0.7286,1.005
0.044108,0.6892,-0.0572,0.7320,1.007
0.048178077,0.6864,-0.0538,0.7333,1.006
0.055739923,0.6840,-0.0548,0.7333,1.004
0.058474462,0.6847,-0.0523,0.7387,1.009
0.063556539,0.6850,-0.0504,0.7382,1.008
0.082784,0.6871,-0.0487,0.7313,1.005
0.083082154,0.6828,-0.0560,0.7191,0.993
0.083200615,0.6862,-0.0567,0.7210,0.997
0.083422077,0.6894,-0.0525,0.7273,1.004
0.088521154,0.6896,-0.0520,0.7322,1.007
0.093445231,0.6887,-0.0506,0.7413,1.013
0.099034385,0.6869,-0.0513,0.7513,1.019
0.109794385,0.6880,-0.0538,0.7589,1.026
0.110175308,0.6926,-0.0578,0.7633,1.032
0.113668615,0.6987,-0.0623,0.7723,1.043
0.118815,0.7033,-0.0655,0.7855,1.056
0.128731923,0.7065,-0.0648,0.7970,1.067
0.129382692,0.7106,-0.0611,0.7953,1.068
0.133899615,0.7150,-0.0592,0.7826,1.062
0.146534154,0.7187,-0.0594,0.7723,1.057
0.146984,0.7211,-0.0574,0.7716,1.058
0.149169846,0.7265,-0.0487,0.7721,1.061
0.189160231,0.7243,-0.0473,0.7706,1.059
0.189810154,0.7182,-0.0553,0.7674,1.053
0.190005846,0.7194,-0.0594,0.7548,1.044
0.190157154,0.7283,-0.0572,0.7322,1.034
0.190305846,0.7370,-0.0487,0.7064,1.022
0.190454692,0.7370,-0.0438,0.6805,1.004
0.190582154,0.7226,-0.0509,0.6504,0.974
0.190696846,0.7143,-0.0562,0.6206,0.948
0.194087692,0.7138,-0.0533,0.5991,0.933
0.199224,0.7113,-0.0480,0.5801,0.919
0.212864846,0.7143,-0.0418,0.5671,0.913
0.213223616,0.7280,-0.0303,0.5647,0.922
0.214468616,0.7390,-0.0145,0.5610,0.928
0.228762154,0.7388,0.0001,0.5652,0.930
0.229724846,0.7316,0.0057,0.5847,0.937
0.230568231,0.7187,0.0008,0.6062,0.940
0.235196308,0.7138,-0.0066,0.6173,0.944
0.246233539,0.7172,-0.0157,0.6238,0.951
0.246603616,0.7243,-0.0218,0.6294,0.960
0.249709462,0.7290,-0.0277,0.6313,0.965
0.300306154,0.7307,-0.0282,0.6343,0.968
0.301476846,0.7297,-0.0266,0.6380,0.970
0.301848231,0.7319,-0.0191,0.6443,0.975
0.302038462,0.7299,-0.0130,0.6556,0.981
0.302209846,0.7258,-0.0179,0.6683,0.987
0.302388308,0.7234,-0.0257,0.6819,0.994
0.302543077,0.7204,-0.0306,0.6968,1.003
0.302671692,0.7214,-0.0318,0.7028,1.008
0.302780846,0.7258,-0.0315,0.7049,1.012
0.302889462,0.7332,-0.0289,0.7019,1.015
0.304665462,0.7388,-0.0289,0.6939,1.014
0.310400923,0.7409,-0.0311,0.6825,1.008
0.315417154,0.7419,-0.0371,0.6683,0.999
0.320926385,0.7453,-0.0433,0.6567,0.994
0.325784231,0.7456,-0.0440,0.6467,0.988
0.330374154,0.7339,-0.0367,0.6473,0.979
0.339000923,0.7255,-0.0323,0.6463,0.972
0.340110154,0.7236,-0.0315,0.6465,0.971
0.345211616,0.7204,-0.0313,0.6504,0.971
0.352142462,0.7162,-0.0336,0.6539,0.970
0.355972308,0.7134,-0.0357,0.6553,0.969
0.360588923,0.7138,-0.0382,0.6570,0.971
0.365610385,0.7180,-0.0426,0.6629,0.978
0.387181462,0.7197,-0.0438,0.6758,0.988
0.387714077,0.7206,-0.0416,0.6903,0.999
0.387876616,0.7190,-0.0392,0.7022,1.006
0.388008308,0.7167,-0.0380,0.7135,1.012
0.390432231,0.7165,-0.0345,0.7249,1.020
0.395818692,0.7160,-0.0343,0.7322,1.025
0.403796539,0.7150,-0.0355,0.7389,1.029
0.405336539,0.7165,-0.0340,0.7422,1.032
0.411241231,0.7182,-0.0313,0.7413,1.033
0.416076616,0.7180,-0.0311,0.7394,1.031
0.421358462,0.7206,-0.0299,0.7420,1.035
0.425634462,0.7211,-0.0306,0.7379,1.032
0.431027692,0.7229,-0.0311,0.7306,1.028
0.436532923,0.7214,-0.0340,0.7168,1.018
0.440867,0.7194,-0.0333,0.7096,1.011
0.446123923,0.7180,-0.0247,0.7056,1.007
0.451231077,0.7162,-0.0152,0.6991,1.001
0.455862154,0.7106,-0.0105,0.6995,0.997
0.460867077,0.7020,-0.0073,0.7005,0.992
0.465922769,0.6962,-0.0133,0.7149,0.998
0.494827308,0.7026,-0.0189,0.7240,1.009
0.495221231,0.7109,-0.0208,0.7294,1.019
0.495359077,0.7167,-0.0235,0.7277,1.022
0.495478077,0.7194,-0.0245,0.7177,1.016
0.495602154,0.7185,-0.0245,0.6988,1.003
0.495891077,0.7138,-0.0271,0.6825,0.988
0.502266385,0.7146,-0.0364,0.6817,0.988
0.506407077,0.7253,-0.0476,0.6768,0.993
0.511724923,0.7593,-0.0741,0.6548,1.005
0.516412616,0.8159,-0.1251,0.6385,1.044
0.526312231,0.8364,-0.1498,0.6629,1.078
0.581131077,0.7944,-0.1242,0.7035,1.068
0.581945539,0.7226,-0.0727,0.7264,1.027
0.582173462,0.6642,-0.0145,0.7330,0.989
0.582353154,0.6533,0.0155,0.7371,0.985
0.582533154,0.7031,0.0094,0.7587,1.034
0.582702462,0.7888,-0.0255,0.7992,1.123
0.582901846,0.8641,-0.0557,0.7780,1.164
0.583082462,0.8878,-0.0631,0.6817,1.121
0.583260539,0.8634,-0.0533,0.6031,1.054
0.583417769,0.8231,-0.0343,0.5737,1.004
0.583569231,0.7920,-0.0179,0.5840,0.984
0.583740616,0.7888,-0.0179,0.6150,1.000
0.587705846,0.8042,-0.0313,0.6453,1.032
0.592240616,0.8059,-0.0485,0.6294,1.024
0.596797231,0.8017,-0.0582,0.5999,1.003
0.604146385,0.8077,-0.0597,0.5940,1.004
0.606662154,0.8152,-0.0567,0.6023,1.015
0.611698462,0.8201,-0.0499,0.5977,1.016
0.617378077,0.8266,-0.0420,0.5820,1.012
0.621736846,0.8299,-0.0355,0.5754,1.010
0.628036308,0.8291,-0.0301,0.5730,1.008
0.632441539,0.8220,-0.0287,0.5742,1.003
0.646324846,0.8203,-0.0352,0.5789,1.005
0.646731,0.8259,-0.0416,0.5803,1.010
0.646956,0.8340,-0.0450,0.5838,1.019
0.652309846,0.8445,-0.0448,0.5882,1.030
0.657298077,0.8520,-0.0443,0.5869,1.036
0.662564923,0.8599,-0.0467,0.5752,1.036
0.667385154,0.8692,-0.0482,0.5664,1.039
0.685285539,0.8743,-0.0489,0.5752,1.048
0.685859308,0.8814,-0.0487,0.5806,1.057
0.686060923,0.8916,-0.0455,0.5715,1.060
0.689075077,0.9032,-0.0455,0.5530,1.060
0.692925462,0.9144,-0.0464,0.5393,1.063
0.697996,0.9170,-0.0455,0.5314,1.061
0.703844231,0.9086,-0.0455,0.5227,1.049
0.714411923,0.8929,-0.0406,0.5053,1.027
0.715167923,0.8778,-0.0315,0.4860,1.004
0.719742692,0.8641,-0.0210,0.4667,0.982
0.729867385,0.8541,-0.0140,0.4450,0.963
0.730619616,0.8529,-0.0093,0.4186,0.950
0.733699,0.8574,-0.0040,0.3942,0.944
0.748412,0.8648,0.0038,0.3744,0.942
0.748812616,0.8631,0.0067,0.3424,0.929
0.748945846,0.8721,0.0096,0.3094,0.925
0.752928923,0.8873,0.0099,0.2779,0.930
0.797472231,0.8953,0.0079,0.2410,0.927
0.798983616,0.9012,0.0096,0.2014,0.924
0.799917846,0.9083,0.0071,0.1673,0.924
0.800528923,0.9100,-0.0028,0.1366,0.920
0.801175923,0.9134,-0.0159,0.1076,0.920
0.801999077,0.9244,-0.0262,0.0781,0.928
0.802551,0.9444,-0.0320,0.0511,0.946
0.802751385,0.9520,-0.0333,0.0162,0.953
0.802928846,0.9449,-0.0294,-0.0130,0.945
0.803192539,0.9456,-0.0252,-0.0198,0.946
0.807990077,0.9522,-0.0264,-0.0105,0.953
0.813424308,0.9586,-0.0271,-0.0020,0.959
0.821524308,0.9633,-0.0289,0.0099,0.964
0.823279077,0.9743,-0.0315,0.0348,0.975
0.832022769,0.9920,-0.0350,0.0770,0.996
0.833395077,1.0069,-0.0411,0.1110,1.014
0.838293846,1.0099,-0.0418,0.1196,1.018
0.843565769,1.0024,-0.0384,0.1084,1.009
0.849144231,0.9899,-0.0313,0.0898,0.994
0.853656308,0.9784,-0.0220,0.0744,0.981
0.858680308,0.9710,-0.0145,0.0585,0.973
0.863930154,0.9720,-0.0145,0.0404,0.973
0.871241769,0.9769,-0.0203,0.0250,0.977
0.875053539,0.9787,-0.0266,0.0136,0.979
0.879332231,0.9789,-0.0315,0.0033,0.979
0.884247,0.9857,-0.0323,-0.0015,0.986
0.905342692,0.9994,-0.0277,-0.0045,1.000
0.905908,0.9997,-0.0284,-0.0054,1.000
0.906067616,0.9806,-0.0404,-0.0049,0.981
0.906221154,0.9782,-0.0480,0.0099,0.979
0.908847616,0.9969,-0.0469,0.0264,0.998
0.914706462,1.0170,-0.0426,0.0311,1.018
0.919793462,1.0199,-0.0377,0.0269,1.021
0.924298462,1.0092,-0.0389,0.0128,1.010
0.930527692,1.0006,-0.0420,0.0023,1.001
0.941003923,0.9936,-0.0406,-0.0059,0.994
0.941707,0.9941,-0.0387,-0.0130,0.995
0.943809231,0.9923,-0.0364,-0.0164,0.993
0.949652846,0.9877,-0.0411,-0.0250,0.989
0.975881231,0.9899,-0.0464,-0.0315,0.991
0.976432616,0.9972,-0.0489,-0.0296,0.999
0.976599923,1.0087,-0.0494,-0.0228,1.010
0.976723923,1.0202,-0.0525,-0.0145,1.022
0.976952231,1.0216,-0.0531,-0.0142,1.023
0.980025154,1.0216,-0.0499,-0.0154,1.023
0.984954077,1.0260,-0.0440,-0.0135,1.027
0.989637462,1.0351,-0.0347,-0.0120,1.036
0.994538769,1.0283,-0.0377,-0.0259,1.029
1.000142154,1.0267,-0.0428,-0.0438,1.029
1.004487923,1.0290,-0.0396,-0.0582,1.031
1.009667923,1.0309,-0.0328,-0.0675,1.034
1.014807077,1.0280,-0.0247,-0.0774,1.031
1.020545231,1.0226,-0.0162,-0.0909,1.027
1.025255077,1.0178,-0.0108,-0.1039,1.023
1.029715692,1.0055,-0.0110,-0.1181,1.012
1.035530692,0.9931,-0.0115,-0.1303,1.002
1.041781846,0.9815,-0.0098,-0.1384,0.991
1.045172,0.9687,-0.0169,-0.1517,0.981
1.049843308,0.9449,-0.0320,-0.1662,0.960
1.060205154,0.9130,-0.0520,-0.1747,0.931
1.061237231,0.8804,-0.0665,-0.1722,0.900
1.067029462,0.8467,-0.0755,-0.1589,0.865
1.069914077,0.8189,-0.0819,-0.1373,0.834
1.096003385,0.7924,-0.0804,-0.1188,0.805
1.096579923,0.7788,-0.0704,-0.0934,0.788
1.096728923,0.7866,-0.0587,-0.0780,0.793
1.096849154,0.8054,-0.0482,-0.0721,0.810
1.096969846,0.8511,-0.0416,-0.0599,0.854
1.100531385,0.9324,-0.0389,-0.0487,0.935
1.105308616,1.0155,-0.0420,-0.0538,1.018
1.110217769,1.0781,-0.0494,-0.0616,1.081
1.115819692,1.1243,-0.0543,-0.0702,1.128
1.122667923,1.1592,-0.0474,-0.0844,1.163
1.125087923,1.1726,-0.0367,-0.1017,1.178
1.130221769,1.1731,-0.0457,-0.1239,1.180
1.137736923,1.1723,-0.0665,-0.1428,1.183
1.14222,1.1662,-0.0795,-0.1464,1.178
1.147030154,1.1460,-0.0814,-0.1371,1.157
1.151341462,1.1096,-0.0814,-0.1237,1.119
1.155682692,1.0654,-0.0748,-0.1070,1.073
1.160864923,1.0211,-0.0638,-0.0897,1.027
1.165164,0.9831,-0.0553,-0.0799,0.988
1.176127,0.9525,-0.0520,-0.0770,0.957
1.176669462,0.9342,-0.0489,-0.0792,0.939
1.180834154,0.9193,-0.0543,-0.0848,0.925
1.186253462,0.9065,-0.0623,-0.0934,0.913
1.191597154,0.9012,-0.0718,-0.1009,0.910
1.195498385,0.9046,-0.0760,-0.1051,0.914
1.200610692,0.9039,-0.0832,-0.1095,0.914
1.206377539,0.8921,-0.0926,-0.1158,0.904
1.210695,0.8746,-0.1027,-0.1254,0.889
1.216114462,0.8613,-0.1068,-0.1384,0.879
1.221011616,0.8543,-0.1093,-0.1561,0.875
1.226340923,0.8438,-0.1235,-0.1811,0.872
1.231047385,0.8359,-0.1398,-0.2069,0.872
1.237510769,0.8440,-0.1491,-0.2332,0.888
1.244665462,0.8621,-0.1579,-0.2607,0.914
1.246103923,0.8832,-0.1666,-0.2815,0.942
1.251864616,0.9039,-0.1759,-0.2925,0.966
1.271272923,0.9176,-0.1894,-0.2991,0.983
1.271736923,0.9266,-0.2036,-0.3013,0.995
1.271894077,0.9400,-0.2094,-0.2974,1.008
1.272180539,0.9515,-0.2072,-0.2905,1.016
1.276311308,0.9755,-0.1943,-0.2747,1.032
1.281101769,1.0036,-0.1803,-0.2668,1.054
1.286249769,1.0236,-0.1701,-0.2754,1.074
1.291776539,1.0561,-0.1586,-0.3010,1.110
1.296322769,1.0933,-0.1573,-0.2933,1.143
1.301370462,1.0937,-0.1706,-0.2578,1.137
1.308115308,1.0710,-0.1806,-0.2698,1.119
1.311334769,1.0493,-0.1852,-0.3159,1.111
1.316315692,1.0270,-0.1955,-0.3396,1.099
1.321406385,0.9999,-0.1974,-0.3816,1.088
1.326262769,0.9533,-0.1894,-0.4505,1.071
1.331743616,0.9266,-0.1722,-0.4823,1.059
1.336790385,0.9452,-0.1420,-0.5542,1.105
1.342617462,0.9855,-0.1256,-0.5730,1.147
1.346966385,0.9789,-0.1528,-0.4731,1.098
1.352428539,0.9671,-0.1745,-0.3658,1.049
1.358547616,0.9867,-0.1803,-0.3174,1.052
1.362389231,1.0148,-0.1848,-0.3189,1.080
1.366951692,1.0285,-0.1875,-0.3516,1.103
1.399497231,1.0425,-0.1745,-0.3932,1.128
1.399998769,1.0383,-0.1412,-0.4256,1.131
1.400141769,1.0167,-0.1083,-0.4315,1.110
1.400263923,1.0053,-0.0872,-0.4300,1.097
1.400396923,0.9997,-0.0765,-0.4081,1.082
1.400522077,0.9918,-0.0702,-0.3758,1.063
1.401992231,0.9848,-0.0721,-0.3438,1.046
1.407217769,0.9769,-0.0724,-0.3159,1.029
1.412775077,0.9718,-0.0765,-0.2935,1.018
1.417842462,0.9679,-0.0816,-0.2735,1.009
1.423898692,0.9564,-0.0890,-0.2583,0.995
1.427369846,0.9405,-0.0941,-0.2541,0.979
1.432647616,0.9307,-0.0960,-0.2534,0.969
1.438103,0.9121,-0.1032,-0.2610,0.954
1.442838769,0.8855,-0.1112,-0.2775,0.935
1.447516539,0.8772,-0.1044,-0.2952,0.931
1.454841231,0.8580,-0.1109,-0.3179,0.922
1.469853769,0.8450,-0.1109,-0.3392,0.917
1.470616308,0.8333,-0.1063,-0.3604,0.914
1.470811923,0.8130,-0.1068,-0.3804,0.904
1.472266154,0.7920,-0.1132,-0.4014,0.895
1.477823616,0.7828,-0.1219,-0.4291,0.901
1.482955692,0.7842,-0.1359,-0.4520,0.915
1.488899616,0.7944,-0.1554,-0.4603,0.931
1.492516,0.8077,-0.1771,-0.4526,0.943
1.497691693,0.8164,-0.1929,-0.4396,0.947
1.503438077,0.8215,-0.1929,-0.4281,0.946
1.507962385,0.8264,-0.1867,-0.4163,0.944
1.512687693,0.8399,-0.1850,-0.4198,0.957
1.517950769,0.8590,-0.1791,-0.4379,0.981
1.522633462,0.8741,-0.1676,-0.4484,0.997
1.527675385,0.8448,-0.1803,-0.4114,0.957
1.532555923,0.7714,-0.2221,-0.3623,0.881
1.537733539,0.7373,-0.2263,-0.3614,0.852
1.543087923,0.7593,-0.1867,-0.3848,0.871
1.547846385,0.7920,-0.1479,-0.4058,0.902
1.578260539,0.8113,-0.1188,-0.4176,0.920
1.578656616,0.8166,-0.0907,-0.4205,0.923
1.578802077,0.8255,-0.0731,-0.4161,0.927
1.578919616,0.8452,-0.0734,-0.4107,0.943
1.579042077,0.8604,-0.0804,-0.4058,0.955
1.579189539,0.8634,-0.0870,-0.4027,0.957
1.583238154,0.8650,-0.0804,-0.3924,0.953
1.588667308,0.8565,-0.0734,-0.3802,0.940
1.593260539,0.8499,-0.0631,-0.3626,0.926
1.598598077,0.8541,-0.0455,-0.3384,0.920
1.603383,0.8555,-0.0315,-0.3147,0.912
1.608139308,0.8513,-0.0128,-0.2832,0.897
1.613367,0.8504,0.0140,-0.2468,0.886
1.618792,0.8420,0.0365,-0.2153,0.870
1.624056231,0.8336,0.0492,-0.1882,0.856
1.628431923,0.8325,0.0523,-0.1669,0.851
1.633484,0.8196,0.0450,-0.1505,0.835
1.641797539,0.7966,0.0369,-0.1428,0.810
1.643681154,0.7810,0.0289,-0.1466,0.795
1.649119693,0.7758,0.0223,-0.1608,0.793
1.655548846,0.7832,0.0143,-0.1833,0.804
1.663466077,0.8025,0.0089,-0.2085,0.829
1.664208923,0.8331,0.0045,-0.2358,0.866
1.668529154,0.8604,-0.0037,-0.2549,0.897
1.677330769,0.8734,-0.0152,-0.2617,0.912
1.678941462,0.8785,-0.0231,-0.2568,0.916
1.683831385,0.8714,-0.0357,-0.2429,0.905
1.690486693,0.8440,-0.0597,-0.2197,0.874
1.694131308,0.8074,-0.0892,-0.1892,0.834
1.699239077,0.7735,-0.1156,-0.1537,0.797
1.704652846,0.7378,-0.1340,-0.1183,0.759
1.709029539,0.7069,-0.1444,-0.0916,0.727
1.714445154,0.6871,-0.1493,-0.0795,0.708
1.718952539,0.6689,-0.1533,-0.0795,0.691
1.724484308,0.6379,-0.1577,-0.0929,0.664
1.728949539,0.6283,-0.1420,-0.1459,0.660
1.733857539,0.6489,-0.1154,-0.2126,0.692
1.742503693,0.6454,-0.1037,-0.2747,0.709
1.743957846,0.5963,-0.1098,-0.3380,0.694
1.749293539,0.5438,-0.1061,-0.4065,0.687
1.755266154,0.5245,-0.0878,-0.4715,0.711
1.761502077,0.5350,-0.0680,-0.5162,0.747
1.763885462,0.5650,-0.0533,-0.5321,0.778
1.771254077,0.6072,-0.0492,-0.5172,0.799
1.775270154,0.6571,-0.0553,-0.4813,0.816
1.779761539,0.7060,-0.0655,-0.4342,0.831
1.783950769,0.7495,-0.0785,-0.3863,0.847
1.789130462,0.7881,-0.0932,-0.3464,0.866
1.794911077,0.8184,-0.1112,-0.3108,0.882
1.799396923,0.8371,-0.1266,-0.2698,0.889
1.805510154,0.8594,-0.1312,-0.2402,0.902
1.809347923,0.8765,-0.1307,-0.2273,0.915
1.814762693,0.8844,-0.1207,-0.2319,0.922
1.820150385,0.8753,-0.1107,-0.2383,0.914
1.825071693,0.8648,-0.0981,-0.2509,0.906
1.830294693,0.8538,-0.0860,-0.2747,0.901
1.834679385,0.8418,-0.0718,-0.3069,0.899
1.840412846,0.8445,-0.0516,-0.3562,0.918
1.844733231,0.8594,-0.0343,-0.4183,0.956
1.849816923,0.8743,-0.0284,-0.4774,0.997
1.856620539,0.8988,-0.0352,-0.5136,1.036
1.862969462,0.9291,-0.0555,-0.5204,1.066
1.864744616,0.9508,-0.0929,-0.5013,1.079
1.870287077,0.9633,-0.1405,-0.4535,1.074
1.875542385,0.9610,-0.1962,-0.3780,1.051
1.880051923,0.9440,-0.2485,-0.2896,1.018
1.884928539,0.9217,-0.2949,-0.1985,0.988
1.890010154,0.9021,-0.3369,-0.1200,0.970
1.894991308,0.8972,-0.3638,-0.0690,0.971
1.900156308,0.9121,-0.3702,-0.0516,0.986
1.905300846,0.9424,-0.3580,-0.0667,1.010
1.910098385,0.9831,-0.3343,-0.1076,1.044
1.915073462,1.0302,-0.3047,-0.1547,1.085
1.922386769,1.0815,-0.2739,-0.1969,1.133
1.925033462,1.1296,-0.2441,-0.2285,1.178
1.930038693,1.1743,-0.2043,-0.2336,1.215
1.935207,1.2073,-0.1647,-0.2121,1.237
1.941184846,1.2266,-0.1442,-0.1782,1.248
1.945252231,1.2535,-0.1410,-0.1474,1.270
1.950373769,1.2997,-0.1498,-0.1412,1.316
1.957174077,1.3595,-0.1622,-0.1496,1.377
1.960325231,1.4213,-0.1731,-0.1515,1.440
1.965476231,1.4932,-0.1715,-0.1479,1.510
1.970258693,1.5855,-0.1549,-0.1515,1.600
1.975727385,1.6823,-0.1230,-0.1755,1.696
1.980412616,1.7597,-0.0844,-0.2102,1.774
1.985856616,1.8124,-0.0569,-0.2243,1.827
1.990741462,1.8330,-0.0497,-0.1992,1.844
1.995821462,1.8277,-0.0531,-0.1393,1.834
2.000757231,1.8100,-0.0516,-0.0724,1.812
2.006287616,1.7816,-0.0408,-0.0182,1.782
2.011218154,1.7355,-0.0262,0.0182,1.736
2.016110693,1.6644,-0.0122,0.0424,1.665
2.020919693,1.5510,-0.0054,0.0578,1.552
2.026011616,1.4189,0.0001,0.0592,1.420
2.030839385,1.3024,0.0145,0.0460,1.303
2.036690462,1.2093,0.0369,0.0189,1.210
2.042584923,1.1396,0.0548,-0.0108,1.141
2.046210385,1.0817,0.0570,-0.0318,1.084
2.051802769,1.0370,0.0499,-0.0473,1.039
2.072827616,1.0150,0.0441,-0.0655,1.018
2.073384,1.0180,0.0404,-0.0844,1.022
2.073547385,1.0380,0.0285,-0.1009,1.043
2.073708308,1.0683,0.0035,-0.1149,1.074
2.076467385,1.1113,-0.0320,-0.1319,1.120
2.081259693,1.1599,-0.0736,-0.1579,1.173
2.087289769,1.1993,-0.1127,-0.1960,1.220
2.091837154,1.2244,-0.1466,-0.2365,1.256
2.096821231,1.2356,-0.1779,-0.2691,1.277
2.101313231,1.2310,-0.2099,-0.2881,1.282
2.107002385,1.2158,-0.2346,-0.2915,1.272
2.112379923,1.1863,-0.2424,-0.2773,1.242
2.117217231,1.1485,-0.2372,-0.2497,1.199
2.123109231,1.1108,-0.2258,-0.2218,1.155
2.126903308,1.0866,-0.2165,-0.2004,1.126
2.131765231,1.0722,-0.2082,-0.1864,1.108
2.142145846,1.0624,-0.1982,-0.1764,1.095
2.142731077,1.0446,-0.1877,-0.1671,1.074
2.147803693,1.0199,-0.1782,-0.1533,1.047
2.151749231,0.9877,-0.1664,-0.1363,1.011
2.189630693,0.9547,-0.1528,-0.1217,0.974
2.190404308,0.9239,-0.1388,-0.1093,0.941
2.190597154,0.8912,-0.1275,-0.1014,0.906
2.190737846,0.8611,-0.1174,-0.0988,0.875
2.190858385,0.8377,-0.1061,-0.1005,0.850
2.190973769,0.8215,-0.0988,-0.1088,0.835
2.191085846,0.8054,-0.0951,-0.1254,0.821
2.192922154,0.7893,-0.0914,-0.1533,0.809
2.197738693,0.7832,-0.0863,-0.1882,0.810
2.202359077,0.7912,-0.0860,-0.2211,0.826
2.207687077,0.8074,-0.0909,-0.2421,0.848
2.212288308,0.8142,-0.0988,-0.2558,0.859
2.217689769,0.8030,-0.1039,-0.2634,0.851
2.222973846,0.7730,-0.1065,-0.2558,0.821
2.227401231,0.7427,-0.1049,-0.2332,0.785
2.232309539,0.7218,-0.0909,-0.2126,0.758
2.239392616,0.6950,-0.0816,-0.2043,0.729
2.243631077,0.6806,-0.0755,-0.1896,0.711
2.247651616,0.6889,-0.0594,-0.1743,0.713
2.253458693,0.7026,-0.0440,-0.1652,0.723
2.257228846,0.7078,-0.0318,-0.1642,0.727
2.263215923,0.7180,-0.0120,-0.1615,0.736
2.267396846,0.7388,0.0035,-0.1493,0.754
2.272427923,0.7570,0.0087,-0.1337,0.769
2.277955077,0.7676,0.0089,-0.1244,0.778
2.283346077,0.7791,0.0028,-0.1275,0.789
2.28836,0.7947,-0.0054,-0.1425,0.807
2.293140539,0.8179,-0.0133,-0.1537,0.832
2.297702154,0.8401,-0.0184,-0.1596,0.855
2.303081154,0.8625,-0.0233,-0.1594,0.877
2.307877154,0.8870,-0.0238,-0.1468,0.899
2.313186385,0.9142,-0.0233,-0.1275,0.923
2.318024846,0.9349,-0.0203,-0.1073,0.941
2.323580308,0.9415,-0.0135,-0.0926,0.946
2.328013154,0.9315,-0.0010,-0.0890,0.936
2.332719,0.9100,0.0206,-0.0988,0.916
2.338855308,0.9000,0.0446,-0.1078,0.908
2.343290693,0.8714,0.0636,-0.1303,0.883
2.347763385,0.8352,0.0765,-0.1596,0.854
2.353102769,0.8123,0.0744,-0.1769,0.835
2.358046462,0.7788,0.0639,-0.2053,0.808
2.363895308,0.7427,0.0529,-0.2465,0.784
2.368761231,0.7121,0.0397,-0.2807,0.767
2.395933846,0.6874,0.0229,-0.2952,0.748
2.396591308,0.6752,0.0087,-0.2886,0.734
2.396769231,0.6779,-0.0001,-0.2710,0.730
2.396897539,0.6928,-0.0042,-0.2465,0.735
2.397018693,0.6940,-0.0005,-0.2424,0.735
2.398811693,0.6894,0.0067,-0.2544,0.735
2.404278693,0.6994,0.0096,-0.2458,0.741
2.408596308,0.6962,0.0101,-0.2304,0.733
2.413634154,0.6908,0.0160,-0.2031,0.720
2.419452846,0.6847,0.0260,-0.1638,0.704
2.425990385,0.6771,0.0390,-0.1317,0.691
2.42858,0.6679,0.0511,-0.1076,0.678
2.434390693,0.6647,0.0563,-0.0753,0.671
2.440820923,0.6640,0.0570,-0.0413,0.668
2.444273846,0.6510,0.0592,-0.0347,0.655
2.449021462,0.6310,0.0653,-0.0536,0.637
2.453753231,0.6065,0.0700,-0.0816,0.616
2.458727308,0.5818,0.0704,-0.1039,0.595
2.463559616,0.5562,0.0695,-0.1226,0.574
2.468734693,0.5250,0.0665,-0.1520,0.551
2.498030385,0.5008,0.0721,-0.1728,0.535
2.498477231,0.4905,0.0817,-0.1777,0.528
2.498637462,0.4973,0.0851,-0.1703,0.533
2.498951077,0.5235,0.0830,-0.1503,0.551
2.499079,0.5734,0.0805,-0.1121,0.590
2.499192,0.6373,0.0716,-0.0638,0.645
2.504438077,0.6989,0.0558,-0.0416,0.702
2.509345462,0.7573,0.0460,-0.0326,0.759
2.514805154,0.8218,0.0455,-0.0126,0.823
2.519688231,0.8834,0.0294,0.0143,0.884
2.526916539,0.9259,-0.0093,0.0709,0.929
2.529268539,0.9535,-0.0541,0.1559,0.968
2.534493846,0.9642,-0.1019,0.2437,1.000
2.540307693,0.9508,-0.1545,0.3387,1.021
2.544471385,0.9249,-0.2001,0.4354,1.042
2.549970769,0.8909,-0.2441,0.5234,1.062
2.588211077,0.8578,-0.2791,0.5971,1.082
2.588829231,0.8315,-0.3057,0.6436,1.095
2.588983616,0.8154,-0.3292,0.6514,1.094
2.589108923,0.8130,-0.3658,0.6141,1.083
2.589226693,0.8279,-0.4266,0.5351,1.074
2.589342462,0.8709,-0.5013,0.4277,1.092
2.589454077,0.9459,-0.5700,0.2982,1.144
2.589689231,1.0346,-0.6296,0.1398,1.219
2.595545846,1.1271,-0.6851,-0.0653,1.321
2.600550154,1.2227,-0.7381,-0.3245,1.465
2.604596231,1.3041,-0.8006,-0.6340,1.656
2.609485769,1.3824,-0.8598,-0.9350,1.877
2.615706693,1.4968,-0.8898,-1.1710,2.098
2.620756539,1.6510,-0.8982,-1.3154,2.294
2.625070693,1.8156,-0.8991,-1.3567,2.438
2.631518077,1.9833,-0.8820,-1.3012,2.531
2.635799077,2.1159,-0.8639,-1.1771,2.571
2.644199308,2.2021,-0.8542,-0.9990,2.565
2.645207077,2.2647,-0.8537,-0.7901,2.546
2.651055385,2.2974,-0.8647,-0.5905,2.525
2.655487923,2.3035,-0.8730,-0.4137,2.498
2.679323308,2.2869,-0.8796,-0.2581,2.464
2.680145846,2.2717,-0.8749,-0.1224,2.437
2.680375,2.2796,-0.8388,-0.0135,2.429
2.680568923,2.3204,-0.7200,0.0595,2.430
2.680746693,2.3304,-0.5463,0.0749,2.395
2.685064,2.2539,-0.4352,0.0690,2.297
2.690450154,2.1047,-0.3616,0.0700,2.137
2.695344,1.9073,-0.2879,0.0690,1.930
2.700955923,1.6996,-0.2041,0.0585,1.713
2.705933154,1.5056,-0.1214,0.0365,1.511
2.710467385,1.3297,-0.0567,0.0071,1.331
2.715850154,1.1821,-0.0066,-0.0313,1.183
2.720801769,1.0881,0.0378,-0.0832,1.092
2.725520616,1.0429,0.0670,-0.1440,1.055
2.730719385,1.0319,0.0827,-0.2057,1.055
2.736448923,1.0302,0.0844,-0.2600,1.066
2.742873154,1.0174,0.0714,-0.3015,1.064
2.746696308,0.9920,0.0450,-0.3271,1.046
2.751254769,0.9596,0.0099,-0.3369,1.017
2.773626462,0.9170,-0.0306,-0.3355,0.977
2.774185231,0.8599,-0.0716,-0.3233,0.921
2.774344231,0.8008,-0.0960,-0.3115,0.865
2.774474154,0.7355,-0.1161,-0.3054,0.805
2.776114462,0.6640,-0.1335,-0.3059,0.743
2.781295,0.5907,-0.1456,-0.3108,0.683
2.786191308,0.5201,-0.1547,-0.3182,0.629
2.791198462,0.4556,-0.1635,-0.3280,0.585
2.79655077,0.4087,-0.1687,-0.3364,0.556
2.801183308,0.3815,-0.1722,-0.3413,0.540
2.808278154,0.3652,-0.1787,-0.3382,0.529
2.811217231,0.3623,-0.1877,-0.3282,0.524
2.816317539,0.3584,-0.1974,-0.3142,0.516
2.82429477,0.3461,-0.2109,-0.2945,0.501
2.826597462,0.3395,-0.2165,-0.2749,0.488
2.831448923,0.3274,-0.2172,-0.2500,0.466
2.836391923,0.3114,-0.2150,-0.2273,0.441
2.841487077,0.2883,-0.2170,-0.2023,0.414
2.846534693,0.2667,-0.2143,-0.1779,0.386
2.851473154,0.2552,-0.2004,-0.1694,0.366
2.859265231,0.2457,-0.1838,-0.1740,0.353
2.861646462,0.2379,-0.1645,-0.1836,0.343
2.866509462,0.2338,-0.1405,-0.1997,0.338
2.871422385,0.2408,-0.1166,-0.2192,0.346
2.896481846,0.2650,-0.0970,-0.2402,0.371
2.896983616,0.3041,-0.0814,-0.2561,0.406
2.897134077,0.3479,-0.0721,-0.2630,0.442
2.897257462,0.3835,-0.0699,-0.2527,0.465
2.897369154,0.4204,-0.0685,-0.2356,0.487
2.901889231,0.4480,-0.0709,-0.2078,0.499
2.908398154,0.4698,-0.0729,-0.1843,0.510
2.91164977,0.4912,-0.0711,-0.1669,0.524
2.91717077,0.5093,-0.0692,-0.1589,0.538
2.921970154,0.5264,-0.0697,-0.1696,0.557
2.926987693,0.5477,-0.0714,-0.1973,0.586
2.932504,0.5716,-0.0780,-0.2356,0.623
2.937213462,0.5990,-0.0951,-0.2768,0.667
2.944436308,0.6326,-0.1119,-0.3033,0.710
2.94707377,0.6669,-0.1300,-0.3042,0.744
2.952854077,0.6960,-0.1571,-0.2900,0.770
2.957467693,0.7270,-0.1813,-0.2593,0.793
2.962785462,0.7575,-0.2025,-0.2116,0.812
2.967984,0.7766,-0.2227,-0.1564,0.823
2.972990077,0.7891,-0.2353,-0.0926,0.829
2.978216846,0.7937,-0.2400,-0.0228,0.829
2.982386462,0.7842,-0.2451,0.0372,0.822
2.987865846,0.7649,-0.2449,0.0716,0.806
2.993143077,0.7509,-0.2327,0.0734,0.790
2.998745539,0.7565,-0.2175,0.0487,0.789
3.003089154,0.7739,-0.2106,0.0018,0.802
3.007755693,0.7832,-0.2202,-0.0587,0.816
3.012696616,0.7781,-0.2402,-0.1288,0.824
3.018274154,0.7609,-0.2551,-0.2134,0.830
3.022682462,0.7458,-0.2581,-0.3047,0.846
3.027374154,0.7348,-0.2570,-0.3946,0.873
3.032778077,0.7285,-0.2588,-0.4662,0.903
3.038214693,0.7316,-0.2658,-0.5046,0.928
3.048069231,0.7451,-0.2786,-0.4974,0.938
3.048559616,0.7632,-0.3030,-0.4505,0.937
3.052644308,0.7863,-0.3350,-0.3758,0.934
3.091499616,0.8194,-0.3614,-0.2864,0.940
3.09191877,0.8643,-0.3623,-0.2202,0.963
3.092060923,0.9142,-0.3420,-0.1945,0.995
3.09220677,0.9505,-0.3259,-0.1662,1.018
3.092324308,0.9838,-0.3299,-0.1119,1.044
3.092432846,1.0160,-0.3306,-0.0108,1.069
3.092547693,1.0241,-0.3360,0.1310,1.086
3.092667385,1.0231,-0.3482,0.2920,1.119
3.098657846,1.0444,-0.3580,0.4322,1.186
3.103735923,1.0984,-0.3599,0.5185,1.267
3.108507308,1.1678,-0.3604,0.5400,1.336
3.11306977,1.2379,-0.3597,0.5023,1.383
3.119168616,1.3031,-0.3384,0.4335,1.414
3.124961231,1.3622,-0.3238,0.3499,1.443
3.128398693,1.4631,-0.3103,0.2928,1.524
3.133328308,1.5587,-0.3084,0.2503,1.608
3.139265846,1.6512,-0.3174,0.2009,1.693
3.144151077,1.7690,-0.3228,0.1349,1.803
3.148779385,1.9048,-0.3086,0.0560,1.930
3.153797846,2.0362,-0.2749,-0.0315,2.055
3.166022077,2.1476,-0.2283,-0.1161,2.163
3.167147923,2.2014,-0.1967,-0.1779,2.217
3.168298462,2.1860,-0.1916,-0.1982,2.203
3.174552308,2.1403,-0.2060,-0.1801,2.158
3.178598077,2.0934,-0.2307,-0.1396,2.111
3.183225154,2.0382,-0.2544,-0.0978,2.056
3.188445539,1.9715,-0.2693,-0.0721,1.991
3.193163693,1.8794,-0.2724,-0.0746,1.901
3.198471308,1.7667,-0.2646,-0.1109,1.790
3.203395693,1.6512,-0.2512,-0.1848,1.680
3.208390077,1.5389,-0.2400,-0.2737,1.581
3.214027077,1.4255,-0.2385,-0.3525,1.488
3.219678693,1.3358,-0.2365,-0.3988,1.414
3.226238385,1.2691,-0.2412,-0.3953,1.351
3.228775693,1.2122,-0.2541,-0.3538,1.288
3.234270693,1.1526,-0.2766,-0.3015,1.223
3.239315693,1.0966,-0.2964,-0.2576,1.165
3.24423777,1.0521,-0.3069,-0.2311,1.120
3.249347693,1.0109,-0.3169,-0.2263,1.083
3.254128231,0.9722,-0.3262,-0.2329,1.052
3.263042077,0.9371,-0.3287,-0.2475,1.023
3.263992923,0.8978,-0.3343,-0.2686,0.995
3.269953231,0.8677,-0.3424,-0.2925,0.978
3.291272846,0.8560,-0.3492,-0.3082,0.975
3.291661846,0.8601,-0.3523,-0.3066,0.979
3.292120846,0.8770,-0.3574,-0.2912,0.991
3.292245539,0.9019,-0.3655,-0.2683,1.009
3.294138693,0.9486,-0.3616,-0.2449,1.044
3.300098154,1.0109,-0.3436,-0.2192,1.090
3.304779077,1.0556,-0.3257,-0.1901,1.121
3.31442,1.0732,-0.3110,-0.1594,1.129
3.315061539,1.0676,-0.2922,-0.1261,1.114
3.320453539,1.0483,-0.2642,-0.0944,1.085
3.337651616,1.0148,-0.2304,-0.0678,1.043
3.34030177,0.9713,-0.1989,-0.0436,0.992
3.340910693,0.9254,-0.1743,-0.0159,0.942
3.341661462,0.8844,-0.1540,0.0145,0.898
3.353842154,0.8460,-0.1363,0.0455,0.858
3.355018693,0.8059,-0.1195,0.0702,0.818
3.355694077,0.7666,-0.1032,0.0886,0.779
3.368799077,0.7270,-0.0878,0.1000,0.739
3.370042385,0.7155,-0.0611,0.1223,0.728
3.370675308,0.6855,-0.0562,0.1152,0.697
3.434739,0.6481,-0.0562,0.0727,0.655
3.435588308,0.6195,-0.0513,0.0264,0.622
3.435755,0.6009,-0.0408,-0.0110,0.602
3.435894154,0.6012,-0.0291,-0.0343,0.603
3.436018154,0.6044,-0.0250,-0.0511,0.607
3.436153846,0.6168,-0.0238,-0.0670,0.621
3.436281846,0.6396,-0.0231,-0.0799,0.645
3.436415077,0.6633,-0.0266,-0.0926,0.670
3.436531,0.6789,-0.0343,-0.1049,0.688
3.436645231,0.6847,-0.0404,-0.1151,0.695
3.436758385,0.6857,-0.0401,-0.1283,0.699
3.43687777,0.6815,-0.0359,-0.1456,0.698
3.438366385,0.6713,-0.0343,-0.1626,0.692
3.443164616,0.6549,-0.0323,-0.1694,0.677
3.447039693,0.6391,-0.0235,-0.1650,0.660
3.450871,0.6095,-0.0174,-0.1613,0.631
3.455509462,0.5738,-0.0189,-0.1561,0.595
3.46130277,0.5489,-0.0145,-0.1386,0.566
3.465693231,0.5308,-0.0040,-0.1181,0.544
3.470619616,0.5189,0.0084,-0.1017,0.529
3.483644231,0.5064,0.0206,-0.0888,0.515
3.484775308,0.4905,0.0326,-0.0783,0.498
3.485667,0.4739,0.0455,-0.0641,0.480
3.503599,0.4644,0.0656,-0.0499,0.472
3.504867308,0.5149,0.1247,-0.0347,0.531
3.508419693,0.4568,0.0988,-0.0279,0.468
3.509122462,0.3584,0.0478,0.0020,0.362
3.556076,0.2904,0.0133,0.0434,0.294
3.557438154,0.2729,0.0023,0.0651,0.281
3.558219077,0.2997,0.0050,0.0536,0.304
3.558618462,0.3525,0.0084,0.0245,0.353
3.558798693,0.4125,0.0023,-0.0105,0.413
3.558968308,0.4783,-0.0122,-0.0538,0.481
3.559148539,0.6117,0.0026,-0.0960,0.619
3.55932277,0.7045,-0.0203,-0.1366,0.718
3.559511385,0.7509,-0.0489,-0.1440,0.766
3.559636616,0.8276,-0.0536,-0.1459,0.842
3.560972231,0.8993,-0.0643,-0.1571,0.915
3.566859616,0.9726,-0.0802,-0.1743,0.991
3.571755,1.0183,-0.1158,-0.1967,1.044
3.576117462,1.0575,-0.1496,-0.2150,1.089
3.581016308,1.0807,-0.1731,-0.2138,1.115
3.586815385,1.0964,-0.1931,-0.1691,1.126
3.591749231,1.1289,-0.1899,-0.0675,1.147
3.596275923,1.1521,-0.1757,0.0688,1.167
3.601440846,1.1331,-0.1694,0.2132,1.165
3.608019693,1.0933,-0.1747,0.3560,1.163
3.628359923,1.0558,-0.1945,0.4720,1.173
3.62884577,1.0314,-0.2236,0.5298,1.181
3.628988308,1.0380,-0.2607,0.5019,1.182
3.629101462,1.0719,-0.3005,0.3876,1.179
3.631680616,1.1142,-0.3382,0.2393,1.189
3.636932231,1.1641,-0.3809,0.0995,1.229
3.643962077,1.2135,-0.4310,-0.0215,1.288
3.646379,1.2535,-0.4811,-0.1235,1.348
3.651944308,1.2706,-0.5292,-0.1938,1.390
3.659006077,1.2574,-0.5763,-0.2183,1.400
3.661946077,1.2235,-0.6191,-0.2036,1.386
3.66699877,1.1895,-0.6501,-0.1794,1.367
3.671734154,1.1670,-0.6648,-0.1757,1.355
3.676973462,1.1621,-0.6672,-0.2090,1.356
3.681746077,1.1718,-0.6562,-0.2819,1.372
3.687491385,1.1841,-0.6394,-0.3892,1.401
3.714505154,1.1988,-0.6262,-0.5187,1.449
3.715125231,1.2266,-0.6174,-0.6548,1.521
3.71538677,1.2517,-0.6271,-0.7869,1.606
3.715662462,1.2626,-0.6553,-0.8961,1.681
3.715879693,1.2664,-0.6897,-0.9572,1.731
3.716782693,1.2782,-0.7193,-0.9578,1.752
3.722944846,1.3024,-0.7330,-0.9135,1.752
3.727810693,1.3458,-0.7230,-0.8372,1.742
3.732110154,1.4059,-0.6881,-0.7366,1.730
3.737204231,1.4704,-0.6389,-0.6292,1.722
3.742768231,1.5163,-0.5871,-0.5336,1.711
3.747336231,1.5377,-0.5412,-0.4513,1.691
3.752351,1.5506,-0.4957,-0.3731,1.670
3.757343,1.5633,-0.4523,-0.3057,1.656
3.762206154,1.5787,-0.4163,-0.2544,1.652
3.767543,1.5941,-0.3890,-0.2104,1.654
3.772942693,1.6038,-0.3631,-0.1691,1.653
3.778101231,1.6097,-0.3355,-0.1300,1.649
3.782487693,1.6183,-0.3059,-0.0985,1.650
3.787394385,1.6309,-0.2737,-0.0832,1.656
3.795239385,1.6427,-0.2419,-0.0897,1.663
3.797777539,1.6451,-0.2111,-0.1139,1.662
3.80306677,1.6360,-0.1803,-0.1477,1.653
3.828112231,1.6106,-0.1571,-0.1806,1.628
3.828789846,1.5530,-0.1481,-0.2080,1.574
3.828988308,1.4629,-0.1545,-0.2323,1.489
3.829147308,1.3722,-0.1638,-0.2426,1.403
3.829267923,1.2896,-0.1718,-0.2395,1.323
3.832613462,1.2124,-0.1831,-0.2307,1.248
3.838231308,1.1406,-0.1960,-0.2211,1.178
3.843121154,1.0732,-0.2078,-0.2141,1.114
3.848047,1.0148,-0.2190,-0.2129,1.060
3.853636308,0.9623,-0.2295,-0.2202,1.013
3.859597231,0.9127,-0.2360,-0.2383,0.972
3.86402977,0.8667,-0.2380,-0.2632,0.937
3.868063077,0.8252,-0.2367,-0.2861,0.905
3.875808616,0.7859,-0.2365,-0.3010,0.874
3.879104539,0.7465,-0.2388,-0.3064,0.842
3.883116539,0.7048,-0.2432,-0.3035,0.805
3.888319385,0.6593,-0.2485,-0.3005,0.766
3.896167385,0.6068,-0.2497,-0.3003,0.722
3.89816277,0.5487,-0.2497,-0.3010,0.674
3.903746462,0.4973,-0.2475,-0.3052,0.634
3.932299385,0.4578,-0.2412,-0.3089,0.603
3.932870462,0.4321,-0.2283,-0.3122,0.580
3.933031385,0.4174,-0.2116,-0.3164,0.565
3.933161846,0.4125,-0.1943,-0.3201,0.557
3.933275616,0.4157,-0.1767,-0.3196,0.553
3.933902077,0.4226,-0.1586,-0.3122,0.549
3.938690385,0.4302,-0.1428,-0.3005,0.544
3.94382577,0.4378,-0.1305,-0.2876,0.540
3.948425539,0.4446,-0.1214,-0.2726,0.535
3.953385231,0.4502,-0.1105,-0.2521,0.528
3.959029231,0.4485,-0.0983,-0.2285,0.513
3.963637539,0.4397,-0.0860,-0.1974,0.490
3.968630077,0.4165,-0.0751,-0.1638,0.454
3.973712308,0.3808,-0.0692,-0.1283,0.408
3.979854462,0.3437,-0.0648,-0.0921,0.362
3.984080846,0.3107,-0.0578,-0.0572,0.321
3.988812,0.2778,-0.0553,-0.0235,0.284
4.01431077,0.2396,-0.0582,0.0079,0.247
4.015055,0.1968,-0.0623,0.0329,0.209
4.01526677,0.1568,-0.0597,0.0492,0.175
4.015404923,0.1165,-0.0606,0.0607,0.145
4.015524846,0.0833,-0.0626,0.0688,0.125
4.019742077,0.0659,-0.0621,0.0746,0.117
4.024636923,0.0552,-0.0680,0.0765,0.116
4.029057462,0.0468,-0.0834,0.0765,0.122
4.034518462,0.0486,-0.0975,0.0765,0.133
4.039547308,0.0657,-0.1061,0.0758,0.146
4.044428,0.0896,-0.1107,0.0648,0.156
4.048781846,0.1172,-0.1186,0.0406,0.172
4.054447616,0.1453,-0.1293,0.0108,0.195
4.059605154,0.1707,-0.1393,-0.0271,0.222
4.064589539,0.1966,-0.1474,-0.0751,0.257
4.069764846,0.2355,-0.1510,-0.1335,0.310
4.075422077,0.2909,-0.1530,-0.2021,0.386
4.079002154,0.3740,-0.1603,-0.2742,0.491
4.08433477,0.4749,-0.1894,-0.3348,0.611
4.089311,0.5687,-0.2432,-0.3751,0.723
4.094983923,0.6505,-0.2952,-0.4081,0.823
4.099379077,0.7290,-0.3387,-0.4486,0.921
4.104928923,0.7998,-0.3892,-0.4740,1.008
4.109932923,0.8553,-0.4561,-0.4417,1.065
4.115027923,0.8965,-0.5295,-0.3699,1.105
4.119990154,0.9305,-0.5859,-0.3015,1.140
4.134626385,0.9559,-0.6071,-0.2583,1.162
4.135611077,0.9787,-0.6003,-0.2392,1.173
4.135957539,1.0138,-0.5803,-0.2246,1.190
4.139755385,1.0717,-0.5602,-0.1987,1.226
4.144593231,1.1562,-0.5290,-0.1626,1.282
4.149939385,1.2247,-0.5023,-0.0983,1.327
4.154913462,1.2662,-0.4733,0.0333,1.352
4.160317154,1.3074,-0.4337,0.2256,1.396
4.165053231,1.3871,-0.3892,0.4168,1.500
4.170026385,1.5349,-0.3382,0.5512,1.666
4.178843693,1.7336,-0.2507,0.6096,1.855
4.179959616,1.8926,-0.1757,0.5974,1.992
4.185318154,1.9771,-0.1433,0.5664,2.062
4.190051923,2.0155,-0.1166,0.5486,2.092
4.211410693,2.0341,-0.0890,0.5146,2.100
4.212075385,2.0663,-0.0634,0.4487,2.115
4.212479308,2.0812,-0.0592,0.3439,2.110
4.212672847,2.0602,-0.0855,0.1980,2.071
4.215226077,2.0487,-0.1219,0.0567,2.053
4.220860847,2.0587,-0.1941,-0.0623,2.069
4.227038462,2.1364,-0.2779,-0.1417,2.159
4.230415923,2.2586,-0.3541,-0.2104,2.296
4.235530462,2.3514,-0.4065,-0.2981,2.405
4.243083,2.3301,-0.4364,-0.4163,2.407
4.245543693,2.1323,-0.4381,-0.5473,2.245
4.250526693,1.8552,-0.4105,-0.6431,2.006
4.256412539,1.6267,-0.3783,-0.6690,1.799
4.260827616,1.4487,-0.3541,-0.6225,1.616
4.265729539,1.2955,-0.3509,-0.5207,1.440
4.271334077,1.1783,-0.3511,-0.4186,1.299
4.279115308,1.0986,-0.3336,-0.3441,1.199
4.280565847,1.0383,-0.3113,-0.2928,1.123
4.286332923,1.0001,-0.2935,-0.2625,1.075
4.290628847,0.9992,-0.2912,-0.2437,1.069
4.309544847,1.0444,-0.3003,-0.2292,1.111
4.31004677,1.1142,-0.3318,-0.2460,1.188
4.310239308,1.1885,-0.3841,-0.3047,1.286
4.310966154,1.2792,-0.4279,-0.3792,1.401
4.316214462,1.3725,-0.4469,-0.4425,1.510
4.32180277,1.4441,-0.4526,-0.4671,1.584
4.327109154,1.4790,-0.4466,-0.4486,1.609
4.33149377,1.4900,-0.4232,-0.3978,1.599
4.337078462,1.4802,-0.3956,-0.3404,1.570
4.341544539,1.4606,-0.3687,-0.2868,1.533
4.346881231,1.4362,-0.3401,-0.2327,1.494
4.351299308,1.4022,-0.3169,-0.1808,1.449
4.356247385,1.3578,-0.2977,-0.1368,1.397
4.361908847,1.3053,-0.2766,-0.1012,1.338
4.366905847,1.2410,-0.2598,-0.0785,1.270
4.371449539,1.1648,-0.2437,-0.0699,1.192
4.376548847,1.0840,-0.2276,-0.0709,1.110
4.381806462,1.0082,-0.2136,-0.0814,1.034
4.386509462,0.9373,-0.2021,-0.0985,0.964
4.391437539,0.8792,-0.1840,-0.1093,0.905
4.397350693,0.8269,-0.1622,-0.1117,0.850
4.400987616,0.7768,-0.1456,-0.1114,0.798
4.406661539,0.7343,-0.1349,-0.1065,0.754
4.426753231,0.6999,-0.1270,-0.0983,0.718
4.427397231,0.6666,-0.1214,-0.0895,0.683
4.427569154,0.6368,-0.1174,-0.0783,0.652
4.42769377,0.6165,-0.1132,-0.0692,0.631
4.431596,0.6046,-0.1086,-0.0667,0.618
4.437552231,0.6032,-0.1019,-0.0729,0.616
4.44326977,0.6127,-0.0951,-0.0792,0.625
4.447626693,0.6335,-0.0900,-0.0804,0.645
4.451927693,0.6591,-0.0809,-0.0846,0.669
4.456937231,0.6742,-0.0753,-0.0944,0.685
4.462632923,0.6740,-0.0755,-0.1070,0.687
4.467056308,0.6720,-0.0692,-0.1230,0.687
4.471841539,0.6701,-0.0560,-0.1503,0.689
4.480052308,0.6537,-0.0389,-0.1815,0.680
4.48201777,0.6249,-0.0245,-0.1997,0.656
4.489111923,0.5990,-0.0203,-0.1931,0.630
4.492509539,0.5853,-0.0186,-0.1628,0.608
4.497130693,0.5827,-0.0140,-0.1146,0.594
4.502798693,0.5834,-0.0110,-0.0621,0.587
4.50974977,0.5799,-0.0115,-0.0096,0.580
4.515727923,0.5597,-0.0098,0.0385,0.561
4.517125231,0.5233,-0.0020,0.0648,0.527
4.522407923,0.4768,0.0047,0.0690,0.482
4.530695693,0.4236,0.0084,0.0634,0.428
4.53209777,0.3728,0.0099,0.0514,0.376
4.537508231,0.3300,0.0038,0.0397,0.332
4.543599385,0.2985,-0.0042,0.0355,0.301
4.547437154,0.2738,-0.0066,0.0287,0.275
4.552460616,0.2685,-0.0045,0.0233,0.270
4.557717539,0.2780,-0.0035,0.0184,0.279
4.563102385,0.3014,-0.0003,0.0108,0.302
4.567852231,0.3359,0.0101,0.0057,0.336
4.572621539,0.3754,0.0313,-0.0054,0.377
4.579212,0.4204,0.0450,0.0057,0.423
4.582862693,0.4507,0.0543,0.0394,0.456
4.588521154,0.4695,0.0607,0.0763,0.480
4.614123385,0.4861,0.0632,0.1042,0.501
4.61466577,0.4971,0.0670,0.1088,0.513
4.614918077,0.4917,0.0553,0.0849,0.502
4.615063077,0.4823,0.0341,0.0333,0.485
4.615189462,0.4807,0.0201,-0.0420,0.483
4.618696308,0.4903,0.0101,-0.1226,0.506
4.623512923,0.5101,-0.0003,-0.1906,0.545
4.628986077,0.5392,-0.0157,-0.2341,0.588
4.632985847,0.5829,-0.0406,-0.2519,0.636
4.638979,0.6386,-0.0680,-0.2514,0.690
4.644684231,0.7026,-0.1032,-0.2376,0.749
4.648601462,0.7588,-0.1391,-0.2043,0.798
4.653071,0.7966,-0.1684,-0.1454,0.827
4.658755616,0.8271,-0.1926,-0.0658,0.852
4.663472923,0.8567,-0.2141,0.0277,0.884
4.668440616,0.8827,-0.2407,0.1235,0.923
4.673064308,0.9124,-0.2726,0.2041,0.974
4.679364308,0.9505,-0.3086,0.2588,1.032
4.68336,0.9967,-0.3384,0.2822,1.090
4.688483077,1.0549,-0.3518,0.2810,1.147
4.721354154,1.0917,-0.3614,0.2747,1.182
4.721929462,1.0679,-0.3916,0.2515,1.165
4.722080231,1.0807,-0.4037,0.2097,1.173
4.722196847,1.1069,-0.4149,0.1526,1.192
4.722317231,1.1171,-0.4381,0.0865,1.203
4.722435923,1.1433,-0.4579,0.0267,1.232
4.723612231,1.1932,-0.4747,-0.0133,1.284
4.728761462,1.2586,-0.4911,-0.0371,1.352
4.733883923,1.3465,-0.5058,-0.0662,1.440
4.73869077,1.4098,-0.5441,-0.1002,1.514
4.74379477,1.4905,-0.5766,-0.1371,1.604
4.748849231,1.6053,-0.5903,-0.1989,1.722
4.754178385,1.6933,-0.6057,-0.3077,1.824
4.759527693,1.7614,-0.6284,-0.4491,1.923
4.764096616,1.8161,-0.6629,-0.5947,2.023
4.769043385,1.8515,-0.7012,-0.7186,2.106
4.779701462,1.8689,-0.7344,-0.7997,2.161
4.780557462,1.8794,-0.7533,-0.8221,2.185
4.784108231,1.8899,-0.7520,-0.7823,2.179
4.789873231,1.9065,-0.7335,-0.6773,2.152
4.824256847,1.9202,-0.7012,-0.5227,2.110
4.825037231,1.9190,-0.6665,-0.3531,2.062
4.825667385,1.9078,-0.6411,-0.1941,2.022
4.825979,1.8921,-0.6304,-0.0578,1.995
4.826209539,1.8789,-0.6299,0.0448,1.982
4.826351616,1.8677,-0.6255,0.1000,1.972
4.826494462,1.8498,-0.6054,0.1044,1.949
4.829671693,1.8159,-0.5539,0.0578,1.899
4.834347077,1.7536,-0.4586,-0.0318,1.813
4.839348308,1.6456,-0.3795,-0.1058,1.692
4.845409231,1.5230,-0.3269,-0.1412,1.564
4.849380308,1.4128,-0.2908,-0.1554,1.451
4.85420577,1.3183,-0.2642,-0.1684,1.355
4.859900539,1.2359,-0.2434,-0.1882,1.274
4.86423377,1.1623,-0.2280,-0.2099,1.203
4.869244308,1.0844,-0.2175,-0.2332,1.130
4.874328231,1.0160,-0.1992,-0.2524,1.066
4.879390154,0.9671,-0.1752,-0.2668,1.018
4.884658077,0.9259,-0.1596,-0.2798,0.980
4.889923077,0.8919,-0.1530,-0.2954,0.952
4.896521539,0.8625,-0.1513,-0.3154,0.931
4.899823385,0.8340,-0.1471,-0.3323,0.910
4.904886693,0.7993,-0.1437,-0.3424,0.881
4.909609154,0.7644,-0.1391,-0.3436,0.850
4.914572,0.7397,-0.1332,-0.3399,0.825
4.919670154,0.7223,-0.1328,-0.3331,0.806
4.924860308,0.7101,-0.1324,-0.3231,0.791
4.92961777,0.6952,-0.1322,-0.3108,0.773
4.934572539,0.6766,-0.1312,-0.2996,0.752
4.939655923,0.6547,-0.1275,-0.2881,0.727
4.944719308,0.6288,-0.1259,-0.2747,0.698
4.949722385,0.5995,-0.1251,-0.2590,0.665
4.955381462,0.5690,-0.1226,-0.2439,0.631
4.960026385,0.5411,-0.1179,-0.2321,0.600
4.965548616,0.5184,-0.1093,-0.2218,0.574
4.970032923,0.4930,-0.1005,-0.2082,0.544
4.975505154,0.4651,-0.0926,-0.1892,0.511
4.980205539,0.4316,-0.0848,-0.1691,0.471
4.985166154,0.3931,-0.0795,-0.1498,0.428
4.991121231,0.3559,-0.0731,-0.1305,0.386
4.996383616,0.3219,-0.0687,-0.1127,0.348
5.000615693,0.2895,-0.0682,-0.0978,0.313
5.005354154,0.2604,-0.0706,-0.0870,0.283
5.016494385,0.2333,-0.0755,-0.0743,0.256
5.017244,0.2098,-0.0860,-0.0562,0.234
5.020645231,0.1915,-0.0983,-0.0375,0.218
5.025406462,0.1810,-0.1105,-0.0210,0.213
5.030884616,0.1776,-0.1190,-0.0113,0.214
5.035693539,0.1742,-0.1244,-0.0126,0.214
5.041206462,0.1737,-0.1263,-0.0206,0.216
5.045850462,0.1758,-0.1288,-0.0269,0.220
5.051211616,0.1832,-0.1312,-0.0296,0.227
5.056219616,0.2049,-0.1273,-0.0262,0.243
5.061453154,0.2420,-0.1242,-0.0126,0.272
5.066111923,0.2919,-0.1263,0.0050,0.318
5.071884616,0.3456,-0.1366,0.0196,0.372
5.07686577,0.4038,-0.1513,0.0192,0.432
5.081173847,0.4546,-0.1759,0.0020,0.487
5.086257539,0.4979,-0.1987,-0.0340,0.537
5.092731077,0.5399,-0.2138,-0.0907,0.588
5.096965231,0.5723,-0.2246,-0.1601,0.635
5.101803616,0.5921,-0.2329,-0.2348,0.678
5.106234385,0.6097,-0.2458,-0.3101,0.727
5.115746154,0.6326,-0.2621,-0.3792,0.783
5.116521231,0.6566,-0.2775,-0.4361,0.836
5.121544616,0.6708,-0.2956,-0.4780,0.875
5.143124,0.6982,-0.3026,-0.4926,0.906
5.143907385,0.7358,-0.3038,-0.4777,0.928
5.144080231,0.7646,-0.3157,-0.4386,0.936
5.144212923,0.7956,-0.3238,-0.3711,0.936
5.146547693,0.8408,-0.3208,-0.2866,0.944
5.151992616,0.9032,-0.3174,-0.2118,0.980
5.157161462,0.9892,-0.3140,-0.1564,1.050
5.161337462,1.0888,-0.3166,-0.1232,1.141
5.166605231,1.1827,-0.3259,-0.1083,1.232
5.171624,1.2479,-0.3360,-0.0990,1.296
5.177047923,1.2815,-0.3357,-0.1198,1.330
5.181473539,1.2764,-0.3306,-0.1640,1.329
5.187348231,1.2237,-0.3357,-0.1964,1.284
5.223138077,1.1536,-0.3513,-0.2069,1.224
5.223682154,1.0884,-0.3643,-0.1992,1.165
5.223943385,1.0392,-0.3638,-0.1664,1.114
5.224108308,1.0129,-0.3450,-0.1232,1.077
5.224229154,1.0138,-0.3228,-0.0785,1.067
5.224341154,1.0297,-0.3145,-0.0343,1.077
5.224460616,1.0481,-0.3201,0.0096,1.096
5.227392308,1.0637,-0.3352,0.0480,1.116
5.231509154,1.1049,-0.3377,0.1005,1.160
5.237170693,1.1753,-0.3215,0.1503,1.228
5.242316616,1.2571,-0.2977,0.1682,1.303
5.24784977,1.3376,-0.2751,0.1720,1.376
5.251975616,1.4166,-0.2602,0.1848,1.452
5.257035077,1.5122,-0.2439,0.2136,1.547
5.262060539,1.6002,-0.2283,0.2314,1.633
5.26677077,1.6588,-0.2270,0.1750,1.683
5.272032,1.7264,-0.2183,0.0886,1.742
5.280850462,1.8066,-0.1948,0.0057,1.817
5.28247777,1.8850,-0.1647,-0.0489,1.893
5.287686154,1.9463,-0.1396,-0.0655,1.952
5.292641462,1.9696,-0.1219,-0.0455,1.974
5.315187308,1.9647,-0.1032,-0.0028,1.967
5.315830462,1.9542,-0.1105,0.0467,1.958
5.316027616,1.9099,-0.1303,0.0609,1.915
5.316194154,1.8384,-0.1447,-0.0023,1.844
5.317759308,1.7475,-0.1579,-0.1415,1.760
5.322567,1.6622,-0.1710,-0.2912,1.696
5.328168616,1.6048,-0.1877,-0.3972,1.664
5.332366385,1.5638,-0.2158,-0.4296,1.636
5.337746077,1.5300,-0.2478,-0.4125,1.604
5.342875385,1.4961,-0.2763,-0.3853,1.569
5.348127077,1.4558,-0.2998,-0.3648,1.530
5.35273877,1.4131,-0.3208,-0.3480,1.490
5.357709462,1.3796,-0.3362,-0.3333,1.459
5.362382154,1.3514,-0.3445,-0.3269,1.432
5.367598385,1.3229,-0.3443,-0.3289,1.406
5.372963308,1.2869,-0.3399,-0.3243,1.370
5.384195308,1.2452,-0.3315,-0.3098,1.325
5.384589231,1.1993,-0.3238,-0.2866,1.275
5.388243,1.1580,-0.3166,-0.2573,1.228
5.393188847,1.1289,-0.3069,-0.2214,1.191
5.417764616,1.1106,-0.2925,-0.1860,1.163
5.418198385,1.0903,-0.2800,-0.1545,1.136
5.418339924,1.0661,-0.2695,-0.1270,1.107
5.418474077,1.0329,-0.2666,-0.1073,1.072
5.418589462,1.0202,-0.2497,-0.0975,1.055
5.42345077,1.0158,-0.2273,-0.0972,1.045
5.42835777,1.0092,-0.2050,-0.0990,1.035
5.432995077,1.0026,-0.1848,-0.1014,1.024
5.438904308,0.9722,-0.1782,-0.1000,0.993
5.445236539,0.9388,-0.1694,-0.0890,0.958
5.448315077,0.9086,-0.1608,-0.0739,0.926
5.452924539,0.8804,-0.1528,-0.0578,0.895
5.458376231,0.8516,-0.1459,-0.0462,0.865
5.463803308,0.8255,-0.1381,-0.0355,0.838
5.468584231,0.8020,-0.1305,-0.0133,0.813
5.474117154,0.7632,-0.1322,-0.0103,0.775
5.478630385,0.7260,-0.1214,-0.0093,0.736
5.484017154,0.7104,-0.1032,0.0059,0.718
5.489326693,0.6880,-0.1027,0.0050,0.696
5.494827,0.6598,-0.1056,-0.0079,0.668
5.498504539,0.6415,-0.0953,-0.0240,0.649
5.503887308,0.6379,-0.0804,-0.0426,0.644
5.512451308,0.6437,-0.0704,-0.0665,0.651
5.513510154,0.6522,-0.0643,-0.0953,0.662
5.51958177,0.6603,-0.0590,-0.1226,0.674
5.52433377,0.6661,-0.0587,-0.1479,0.685
5.549679,0.6776,-0.0587,-0.1696,0.701
5.550311,0.6882,-0.0592,-0.1828,0.714
5.550492847,0.6877,-0.0560,-0.1877,0.715
5.550623924,0.6784,-0.0499,-0.1801,0.704
5.550741539,0.6586,-0.0355,-0.1703,0.681
5.553881539,0.6291,-0.0176,-0.1606,0.649
5.559708616,0.5953,0.0031,-0.1510,0.614
5.564816539,0.5455,0.0136,-0.1428,0.564
5.569492847,0.4823,0.0223,-0.1200,0.497
5.574016308,0.4324,0.0280,-0.0770,0.440
5.579706462,0.3784,0.0124,-0.0523,0.382
5.583873462,0.3344,-0.0071,-0.0382,0.337
5.589681154,0.3068,-0.0262,-0.0213,0.309
5.617935693,0.2953,-0.0438,-0.0001,0.299
5.618565539,0.2985,-0.0557,0.0277,0.305
5.618738693,0.3124,-0.0650,0.0555,0.324
5.618859,0.3359,-0.0739,0.0697,0.351
5.618984308,0.3669,-0.0765,0.0629,0.380
5.619907,0.4064,-0.0753,0.0385,0.415
5.624865847,0.4661,-0.0731,0.0059,0.472
5.629741462,0.5320,-0.0704,-0.0264,0.537
5.634452308,0.5841,-0.0643,-0.0548,0.590
5.640292847,0.6146,-0.0550,-0.0780,0.622
5.647540924,0.6300,-0.0408,-0.0934,0.638
5.649590693,0.6317,-0.0210,-0.0975,0.640
5.654786154,0.6195,-0.0010,-0.0993,0.627
5.659831,0.5978,0.0184,-0.1078,0.608
5.66498177,0.5758,0.0255,-0.1224,0.589
5.669803308,0.5609,0.0131,-0.1420,0.579
5.675407924,0.5629,-0.0128,-0.1615,0.586
5.679896539,0.5846,-0.0462,-0.1784,0.613
5.685049847,0.6222,-0.0792,-0.1892,0.655
5.690308231,0.6657,-0.1098,-0.1987,0.703
5.719496539,0.7150,-0.1305,-0.1997,0.754
5.720043077,0.7646,-0.1420,-0.1840,0.799
5.720202154,0.8082,-0.1513,-0.1510,0.836
5.720327308,0.8457,-0.1613,-0.1053,0.867
5.720447693,0.8772,-0.1713,-0.0531,0.895
5.720573847,0.9005,-0.1836,0.0038,0.919
5.725092308,0.9105,-0.1957,0.0604,0.933
5.730264539,0.9146,-0.2072,0.0966,0.943
5.735229539,0.9121,-0.2190,0.1000,0.943
5.740952539,0.9073,-0.2280,0.0809,0.939
5.745057847,0.9105,-0.2329,0.0543,0.941
5.750432,0.9251,-0.2363,0.0397,0.956
5.755703308,0.9537,-0.2380,0.0453,0.984
5.761476616,0.9992,-0.2453,0.0773,1.032
5.764987924,1.0519,-0.2630,0.1371,1.093
5.770283077,1.1098,-0.2884,0.2136,1.166
5.775887616,1.1731,-0.3157,0.2828,1.247
5.780910693,1.2415,-0.3364,0.3120,1.324
5.785202154,1.3106,-0.3538,0.2842,1.387
5.790364231,1.3663,-0.3799,0.1973,1.432
5.79556977,1.3949,-0.4242,0.0658,1.459
5.800598154,1.3991,-0.4811,-0.0921,1.482
5.806201231,1.4162,-0.5273,-0.2646,1.534
5.813303308,1.4524,-0.5670,-0.4349,1.619
5.815596308,1.4958,-0.6115,-0.5977,1.723
5.821212,1.5413,-0.6618,-0.7506,1.838
5.82585877,1.5955,-0.7068,-0.8800,1.954
5.852489462,1.6481,-0.7484,-0.9607,2.049
5.853133539,1.7062,-0.7877,-0.9734,2.116
5.853335693,1.7746,-0.8290,-0.9243,2.166
5.853546462,1.8615,-0.8617,-0.8216,2.210
5.853796308,1.9456,-0.8756,-0.6751,2.238
5.85637877,2.0171,-0.8635,-0.5053,2.252
5.862004924,2.0878,-0.8365,-0.3565,2.277
5.866268231,2.1545,-0.7955,-0.2619,2.312
5.870940847,2.2063,-0.7405,-0.2236,2.338
5.876957462,2.2454,-0.6707,-0.2227,2.354
5.881515077,2.2607,-0.5810,-0.2365,2.346
5.886487308,2.2092,-0.4973,-0.2451,2.278
5.891159924,2.0946,-0.4296,-0.2287,2.150
5.897333231,1.9425,-0.3727,-0.1843,1.986
5.901479,1.7829,-0.3215,-0.1237,1.816
5.906651693,1.6327,-0.2751,-0.0650,1.657
5.911366462,1.4914,-0.2332,-0.0250,1.510
5.936104231,1.3544,-0.1997,-0.0084,1.369
5.936597231,1.2337,-0.1635,-0.0110,1.245
5.936746693,1.1475,-0.1230,-0.0299,1.154
5.936971,1.0868,-0.0895,-0.0606,1.092
5.937095,1.0365,-0.0694,-0.1019,1.044
5.941519077,0.9955,-0.0621,-0.1452,1.008
5.947231077,0.9608,-0.0604,-0.1836,0.980
5.951641847,0.9312,-0.0621,-0.2111,0.957
5.95661777,0.9005,-0.0655,-0.2276,0.931
5.96391877,0.8606,-0.0778,-0.2319,0.895
5.966826154,0.8210,-0.0892,-0.2323,0.858
5.971790077,0.7861,-0.0932,-0.2395,0.827
5.976886154,0.7472,-0.1032,-0.2500,0.795
5.981698385,0.7057,-0.1161,-0.2544,0.759
5.987872847,0.6645,-0.1273,-0.2485,0.721
5.993723924,0.6246,-0.1371,-0.2327,0.680
6.018298693,0.5843,-0.1479,-0.2136,0.639
6.018929539,0.5415,-0.1569,-0.1931,0.596
6.019112924,0.5000,-0.1640,-0.1767,0.555
6.019282154,0.4634,-0.1703,-0.1647,0.520
6.019422077,0.4316,-0.1782,-0.1582,0.493
6.022316539,0.4076,-0.1875,-0.1557,0.475
6.027703924,0.3871,-0.1967,-0.1573,0.462
6.032386693,0.3703,-0.2036,-0.1617,0.452
6.037519616,0.3584,-0.2082,-0.1650,0.446
6.043695616,0.3491,-0.2111,-0.1626,0.439
6.047978462,0.3391,-0.2131,-0.1524,0.428
6.051899924,0.3276,-0.2118,-0.1319,0.412
6.057264,0.3158,-0.2082,-0.1037,0.392
6.062888231,0.3046,-0.2031,-0.0699,0.373
6.067592924,0.2976,-0.1982,-0.0394,0.360
6.072719308,0.2965,-0.1938,-0.0159,0.355
6.079227693,0.2988,-0.1889,0.0001,0.353
6.082521539,0.3012,-0.1852,0.0089,0.354
6.087440924,0.3053,-0.1864,0.0150,0.358
6.093253847,0.3097,-0.1913,0.0182,0.364
6.100085539,0.3072,-0.1952,0.0152,0.364
6.102701231,0.3000,-0.1955,0.0055,0.358
6.107996924,0.2897,-0.1948,-0.0066,0.349
6.112559385,0.2799,-0.1974,-0.0189,0.343
6.117634385,0.2790,-0.2023,-0.0206,0.345
6.122915924,0.2878,-0.2043,-0.0105,0.353
6.137468308,0.2972,-0.2082,-0.0077,0.363
6.138054385,0.3046,-0.2148,-0.0174,0.373
6.138237539,0.3163,-0.2197,-0.0396,0.387
6.143132231,0.3366,-0.2202,-0.0678,0.408
6.148513847,0.3679,-0.2185,-0.1019,0.440
6.153084847,0.4080,-0.2153,-0.1440,0.483
6.160692924,0.4458,-0.2109,-0.1815,0.526
6.163014693,0.4803,-0.2060,-0.2097,0.563
6.168043385,0.5186,-0.2009,-0.2231,0.599
6.172727308,0.5494,-0.1957,-0.2202,0.623
6.180537231,0.5685,-0.1889,-0.2072,0.634
6.184171308,0.5814,-0.1803,-0.1875,0.637
6.187971,0.5929,-0.1691,-0.1687,0.639
6.193295,0.6016,-0.1554,-0.1549,0.640
6.198428847,0.6083,-0.1420,-0.1477,0.642
6.203195924,0.6158,-0.1305,-0.1508,0.647
6.208194154,0.6305,-0.1212,-0.1674,0.664
6.213502077,0.6442,-0.1181,-0.1948,0.683
6.218941847,0.6473,-0.1242,-0.2270,0.697
6.223693462,0.6522,-0.1366,-0.2705,0.719
6.229316539,0.6733,-0.1542,-0.3247,0.763
6.233410693,0.7087,-0.1806,-0.3709,0.820
6.238786385,0.7446,-0.2192,-0.3695,0.860
6.244322385,0.7779,-0.2524,-0.3182,0.878
6.24876177,0.7942,-0.2695,-0.2612,0.878
6.253486693,0.8126,-0.2698,-0.2109,0.882
6.258783385,0.8594,-0.2532,-0.1363,0.906
6.263823693,0.9166,-0.2439,-0.0469,0.950
6.268589539,0.9720,-0.2561,0.0421,1.006
6.273590385,1.0348,-0.2791,0.1198,1.078
6.28154,1.1203,-0.3147,0.1927,1.180
6.283545462,1.2307,-0.3604,0.2654,1.310
6.289512308,1.3476,-0.4135,0.3241,1.446
6.295274693,1.4667,-0.4484,0.3380,1.571
6.318767385,1.5792,-0.4579,0.3038,1.672
6.319542077,1.6671,-0.4577,0.2556,1.748
6.319784616,1.7357,-0.4638,0.2080,1.809
6.319948231,1.8171,-0.4684,0.1471,1.882
6.320097154,1.9195,-0.4596,0.0592,1.975
6.323928,2.0262,-0.4371,-0.0594,2.074
6.328923308,2.1215,-0.4063,-0.1877,2.168
6.333940616,2.1975,-0.3788,-0.3015,2.250
6.339774154,2.2479,-0.3643,-0.3667,2.307
6.344479924,2.2668,-0.3672,-0.3650,2.325
6.349088231,2.2603,-0.3814,-0.3135,2.314
6.354241154,2.2160,-0.3941,-0.2321,2.263
6.359685847,2.1286,-0.4046,-0.1317,2.171
6.364711,2.0145,-0.4065,-0.0269,2.055
6.369342154,1.8955,-0.3865,0.0480,1.935
6.374615077,1.7631,-0.3562,0.0837,1.801
6.384512231,1.6178,-0.3328,0.0924,1.654
6.385054154,1.4902,-0.3115,0.0727,1.524
6.389868308,1.3957,-0.2956,0.0167,1.427
6.395035693,1.3192,-0.2866,-0.0699,1.352
6.415451616,1.2574,-0.2779,-0.1622,1.298
6.416135924,1.2070,-0.2668,-0.2444,1.260
6.41651777,1.1653,-0.2502,-0.3001,1.229
6.416726462,1.1210,-0.2336,-0.3308,1.192
6.419623077,1.0875,-0.2197,-0.3408,1.161
6.42460177,1.0725,-0.2087,-0.3413,1.145
6.43025877,1.0784,-0.2036,-0.3436,1.150
6.434684847,1.1042,-0.2021,-0.3534,1.177
6.440367077,1.1485,-0.2004,-0.3665,1.222
6.446640539,1.1990,-0.1982,-0.3770,1.272
6.449784924,1.2430,-0.1955,-0.3770,1.314
6.455296616,1.2699,-0.1913,-0.3618,1.334
6.460607385,1.2769,-0.1848,-0.3326,1.332
6.464701847,1.2679,-0.1743,-0.2937,1.313
6.471163077,1.2552,-0.1622,-0.2414,1.288
6.47462977,1.2454,-0.1486,-0.1710,1.266
6.483358154,1.2288,-0.1361,-0.0897,1.240
6.484764847,1.1983,-0.1256,-0.0115,1.205
6.490068539,1.1614,-0.1193,0.0529,1.169
6.494984924,1.1255,-0.1198,0.1010,1.136
6.516519,1.0937,-0.1261,0.1261,1.108
6.517099077,1.0649,-0.1373,0.1281,1.081
6.517250462,1.0451,-0.1481,0.1119,1.061
6.517384847,1.0267,-0.1552,0.0886,1.042
6.520491077,1.0036,-0.1633,0.0660,1.019
6.525143924,0.9694,-0.1715,0.0436,0.985
6.53120177,0.9323,-0.1740,0.0189,0.949
6.535160847,0.8965,-0.1740,-0.0061,0.913
6.540524616,0.8655,-0.1733,-0.0289,0.883
6.546692924,0.8460,-0.1696,-0.0516,0.864
6.550928,0.8315,-0.1669,-0.0709,0.851
6.555315077,0.8135,-0.1638,-0.0865,0.834
6.561289154,0.7979,-0.1566,-0.1017,0.819
6.565691693,0.7898,-0.1459,-0.1134,0.811
6.571335693,0.7779,-0.1344,-0.1179,0.798
6.575615924,0.7588,-0.1232,-0.1142,0.777
6.582136231,0.7400,-0.1105,-0.1005,0.755
6.585433462,0.7226,-0.1007,-0.0819,0.734
6.59160577,0.7048,-0.0919,-0.0655,0.714
6.625659924,0.6811,-0.0821,-0.0590,0.689
6.626101539,0.6530,-0.0690,-0.0621,0.660
6.626248924,0.6244,-0.0523,-0.0743,0.631
6.626389539,0.5997,-0.0389,-0.0936,0.608
6.626508,0.5762,-0.0347,-0.1109,0.588
6.626624231,0.5634,-0.0345,-0.1256,0.578
6.626742154,0.5576,-0.0382,-0.1352,0.575
6.63143377,0.5545,-0.0426,-0.1420,0.574
6.63624677,0.5499,-0.0480,-0.1437,0.570
6.6409,0.5436,-0.0513,-0.1376,0.563
6.651719,0.5328,-0.0504,-0.1188,0.548
6.652037462,0.5154,-0.0431,-0.0892,0.525
6.656091001,0.4924,-0.0323,-0.0513,0.496
6.662022462,0.4588,-0.0213,-0.0130,0.459
6.66914577,0.4167,-0.0135,0.0189,0.417
6.671345231,0.3661,-0.0147,0.0385,0.368
6.687737539,0.3168,-0.0277,0.0424,0.321
6.689344616,0.2799,-0.0455,0.0155,0.284
6.690161154,0.2520,-0.0578,-0.0350,0.261
6.691352616,0.2274,-0.0692,-0.1053,0.260
6.708302693,0.2110,-0.0832,-0.1811,0.290
6.708687077,0.2186,-0.0900,-0.2334,0.332
6.708819616,0.2484,-0.0932,-0.2519,0.366
6.712157847,0.2916,-0.0993,-0.2453,0.394
6.758301539,0.3391,-0.1044,-0.2351,0.426
6.759605231,0.3864,-0.1039,-0.2453,0.469
6.75982977,0.4329,-0.0972,-0.2691,0.519
6.760023308,0.4788,-0.0880,-0.2859,0.565
6.760208924,0.5294,-0.0773,-0.2917,0.609
6.760382462,0.5885,-0.0694,-0.2868,0.658
6.760554077,0.6486,-0.0655,-0.2763,0.708
6.76072677,0.6962,-0.0599,-0.2583,0.745
6.760909539,0.7185,-0.0474,-0.2316,0.756
6.763446077,0.7214,-0.0320,-0.2072,0.751
6.768196001,0.7218,-0.0191,-0.1952,0.748
6.77254977,0.7226,-0.0113,-0.1987,0.750
6.777748001,0.7199,-0.0122,-0.2111,0.750
6.782568924,0.7190,-0.0243,-0.2241,0.753
6.787190077,0.7265,-0.0460,-0.2297,0.763
6.792247385,0.7470,-0.0672,-0.2397,0.787
6.799068231,0.7828,-0.0860,-0.2524,0.827
6.802327924,0.8282,-0.1078,-0.2546,0.873
6.808058462,0.8775,-0.1379,-0.2202,0.915
6.844314693,0.9315,-0.1691,-0.1275,0.955
6.844959693,0.9969,-0.1945,0.0211,1.016
6.845129154,1.0661,-0.2072,0.1995,1.104
6.845257154,1.1238,-0.2113,0.3741,1.203
6.84539077,1.1650,-0.2111,0.5095,1.289
6.84552277,1.1956,-0.2060,0.5791,1.344
6.847248616,1.2112,-0.1952,0.5747,1.355
6.847404308,1.2124,-0.1820,0.5065,1.327
6.852692539,1.2073,-0.1752,0.3895,1.281
6.857742154,1.2135,-0.1894,0.2437,1.252
6.863299385,1.2557,-0.2348,0.1066,1.282
6.867394385,1.3376,-0.3113,0.0038,1.373
6.872519077,1.4296,-0.3941,-0.0634,1.484
6.877539077,1.5210,-0.4547,-0.1254,1.592
6.882755077,1.6129,-0.4985,-0.2109,1.701
6.887713847,1.6954,-0.5434,-0.3426,1.813
6.892356308,1.7704,-0.5886,-0.5236,1.938
6.897806154,1.8452,-0.6250,-0.7393,2.084
6.90352277,1.9065,-0.6646,-0.9453,2.229
6.908468001,1.9432,-0.7017,-1.0836,2.333
6.939664539,1.9526,-0.7312,-1.1224,2.368
6.940364847,1.9393,-0.7566,-1.0615,2.337
6.940607924,1.9121,-0.7833,-0.9228,2.263
6.940799385,1.8804,-0.8055,-0.7408,2.176
6.940974154,1.8540,-0.8146,-0.5598,2.101
6.941104924,1.8347,-0.8016,-0.4053,2.043
6.943117462,1.8271,-0.7640,-0.2828,2.001
6.948300308,1.8469,-0.6797,-0.1952,1.978
6.952854693,1.8782,-0.5514,-0.1549,1.964
6.958037462,1.8574,-0.4396,-0.1542,1.915
6.963867308,1.7809,-0.3582,-0.1654,1.824
6.968274385,1.6788,-0.3023,-0.1645,1.714
6.973165539,1.5591,-0.2614,-0.1510,1.588
6.978989539,1.4042,-0.2441,-0.1254,1.431
6.984494693,1.2586,-0.2121,-0.0832,1.279
6.988454693,1.1497,-0.1586,-0.0420,1.161
6.993767077,1.0732,-0.0958,-0.0225,1.078
7.006500847,1.0260,-0.0238,-0.0233,1.027
7.007168308,0.9964,0.0473,-0.0328,0.998
7.008299077,0.9566,0.1056,-0.0748,0.965
7.013694154,0.9198,0.1447,-0.1295,0.940
7.018655616,0.8936,0.1699,-0.1738,0.926
7.024222077,0.8783,0.1843,-0.2065,0.921
7.029118693,0.8601,0.1927,-0.2248,0.910
7.033989847,0.8287,0.1950,-0.2309,0.882
7.038655924,0.7815,0.1882,-0.2297,0.836
7.044333539,0.7148,0.1648,-0.2299,0.769
7.048904308,0.6349,0.1268,-0.2344,0.689
7.054541231,0.5555,0.0765,-0.2380,0.609
7.058834462,0.5000,0.0323,-0.2385,0.555
7.063989462,0.4725,0.0001,-0.2390,0.529
7.06953877,0.4668,-0.0182,-0.2458,0.528
7.074710154,0.4651,-0.0371,-0.2642,0.536
7.079277231,0.4634,-0.0555,-0.2930,0.551
7.084119693,0.4617,-0.0718,-0.3215,0.567
7.089328001,0.4597,-0.0878,-0.3420,0.580
7.095354693,0.4590,-0.1024,-0.3557,0.590
7.099309847,0.4602,-0.1154,-0.3574,0.594
7.104854385,0.4581,-0.1283,-0.3482,0.589
7.109812539,0.4519,-0.1428,-0.3301,0.578
7.124683385,0.4353,-0.1610,-0.3010,0.553
7.125327693,0.4094,-0.1803,-0.2602,0.518
7.125555001,0.3808,-0.1952,-0.2172,0.480
7.129010077,0.3556,-0.2029,-0.1784,0.447
7.134598154,0.3370,-0.2045,-0.1444,0.420
7.139393847,0.3274,-0.1987,-0.1230,0.402
7.146736231,0.3258,-0.1857,-0.1127,0.392
7.14980677,0.3332,-0.1691,-0.1130,0.390
7.155156539,0.3463,-0.1554,-0.1166,0.397
7.159669462,0.3633,-0.1484,-0.1200,0.410
7.16430277,0.3796,-0.1484,-0.1235,0.426
7.16925477,0.3955,-0.1542,-0.1263,0.443
7.174719385,0.4136,-0.1662,-0.1312,0.465
7.180409231,0.4334,-0.1826,-0.1437,0.492
7.184644539,0.4509,-0.2031,-0.1698,0.523
7.189689539,0.4641,-0.2273,-0.2072,0.557
7.195954154,0.4751,-0.2519,-0.2563,0.596
7.201242693,0.4884,-0.2754,-0.3098,0.641
7.204988308,0.4979,-0.2933,-0.3623,0.682
7.210594385,0.5017,-0.3035,-0.4073,0.714
7.218763001,0.5045,-0.3033,-0.4337,0.731
7.220753154,0.5101,-0.2903,-0.4342,0.730
7.224678693,0.5213,-0.2658,-0.4000,0.709
7.229833154,0.5367,-0.2311,-0.3287,0.670
7.241449462,0.5589,-0.1908,-0.2299,0.634
7.242046385,0.5843,-0.1559,-0.1242,0.617
7.245262077,0.6124,-0.1324,-0.0355,0.628
7.25076277,0.6491,-0.1200,0.0180,0.660
7.254980616,0.7050,-0.1154,0.0169,0.715
7.260050154,0.7774,-0.1186,-0.0416,0.787
7.264743077,0.8529,-0.1291,-0.1479,0.875
7.270640539,0.9190,-0.1405,-0.2854,0.972
7.275322154,0.9762,-0.1582,-0.4354,1.081
7.280272231,1.0275,-0.1877,-0.5808,1.195
7.28520577,1.0803,-0.2287,-0.7081,1.312
7.290829847,1.1348,-0.2835,-0.7965,1.415
7.296092308,1.1785,-0.3667,-0.7767,1.458
7.300529154,1.1953,-0.4787,-0.5849,1.414
7.30614277,1.2170,-0.5639,-0.3357,1.383
7.313004924,1.2967,-0.5756,-0.1630,1.428
7.316993539,1.3949,-0.5416,-0.0336,1.497
7.320636308,1.4665,-0.4974,0.0483,1.549
7.325872616,1.5044,-0.4664,0.0944,1.578
7.346429539,1.5070,-0.4571,0.1340,1.581
7.347002077,1.5014,-0.4547,0.1523,1.576
7.34728577,1.5014,-0.4530,0.1440,1.575
7.347437231,1.5070,-0.4561,0.1242,1.579
7.350268308,1.5249,-0.4622,0.0830,1.596
7.355607616,1.5664,-0.4684,0.0138,1.635
7.361527616,1.6229,-0.4731,-0.0531,1.691
7.366361154,1.6830,-0.4618,-0.0814,1.747
7.370970154,1.7541,-0.4210,-0.0774,1.806
7.378727924,1.8498,-0.3511,-0.0653,1.884
7.380828231,1.9514,-0.2722,-0.0504,1.971
7.386165231,2.0331,-0.2190,-0.0122,2.045
7.391313847,2.0832,-0.2069,0.0465,2.094
7.399433154,2.0888,-0.2376,0.1076,2.105
7.400523693,2.0560,-0.2986,0.1538,2.083
7.40643777,1.9913,-0.3658,0.1662,2.031
7.411363308,1.8975,-0.4014,0.1369,1.944
7.433197154,1.7763,-0.4051,0.0583,1.823
7.433803693,1.6488,-0.3993,-0.0274,1.697
7.434020231,1.5471,-0.3848,-0.1017,1.598
7.434142462,1.4646,-0.3626,-0.1787,1.519
7.436496539,1.3861,-0.3429,-0.2546,1.450
7.441817154,1.2980,-0.3247,-0.3166,1.375
7.447174077,1.1876,-0.2928,-0.3511,1.273
7.451264001,1.0558,-0.2646,-0.3653,1.148
7.456395385,0.9324,-0.2458,-0.3795,1.036
7.464319001,0.8394,-0.2062,-0.3602,0.936
7.466557231,0.7714,-0.1508,-0.3049,0.843
7.471385462,0.7180,-0.1017,-0.2311,0.761
7.477195001,0.6784,-0.0650,-0.1520,0.698
7.481741539,0.6615,-0.0367,-0.0841,0.668
7.486943616,0.6677,-0.0196,-0.0431,0.669
7.491674462,0.7062,-0.0133,-0.0323,0.707
7.499833462,0.7788,-0.0077,-0.0367,0.780
7.501295308,0.8531,-0.0210,-0.0594,0.855
7.507264847,0.8997,-0.0613,-0.1142,0.909
7.511808001,0.9642,-0.0829,-0.1586,0.981
7.522442385,1.0263,-0.0797,-0.1606,1.042
7.522946462,1.0578,-0.0734,-0.1433,1.070
7.526400847,1.0570,-0.0714,-0.1212,1.066
7.532209154,1.0419,-0.0704,-0.0944,1.049
7.536779924,1.0255,-0.0714,-0.0643,1.030
7.541756539,1.0136,-0.0834,-0.0145,1.017
7.546892231,0.9969,-0.0919,0.0306,1.002
7.551787308,0.9669,-0.0912,0.0277,0.972
7.556995924,0.9315,-0.0997,0.0150,0.937
7.562026154,0.9019,-0.1119,0.0260,0.909
7.567789462,0.8855,-0.1163,0.0473,0.894
7.572034462,0.8613,-0.1363,0.0616,0.874
7.576986462,0.8364,-0.1684,0.0688,0.856
7.582443001,0.8089,-0.2025,0.0765,0.837
7.586928231,0.7793,-0.2309,0.0902,0.818
7.592030462,0.7512,-0.2449,0.0841,0.795
7.598814077,0.7265,-0.2485,0.0653,0.771
7.602024001,0.6950,-0.2439,0.0634,0.739
7.607484539,0.6654,-0.2360,0.0744,0.710
7.612023693,0.6496,-0.2221,0.0817,0.691
7.635582077,0.6591,-0.1952,0.0785,0.692
7.636057847,0.6850,-0.1728,0.0765,0.711
7.636244231,0.7192,-0.1586,0.0900,0.742
7.636364924,0.7573,-0.1517,0.1203,0.782
7.637329462,0.7937,-0.1545,0.1555,0.823
7.64235877,0.8243,-0.1598,0.1929,0.861
7.647437847,0.8578,-0.1582,0.2263,0.901
7.652507693,0.8997,-0.1530,0.2537,0.947
7.65751377,0.9464,-0.1493,0.2710,0.996
7.662979924,0.9840,-0.1464,0.2803,1.034
7.668104231,1.0078,-0.1376,0.2686,1.052
7.672508308,1.0170,-0.1247,0.2381,1.052
7.677688001,1.0218,-0.1132,0.2114,1.050
7.683382693,1.0195,-0.1034,0.1811,1.041
7.68777777,1.0043,-0.1041,0.1523,1.021
7.692429231,0.9877,-0.1086,0.1415,1.004
7.700516924,0.9594,-0.1112,0.1911,0.985
7.702692847,0.9235,-0.1121,0.2733,0.970
7.707705539,0.8839,-0.1002,0.3539,0.957
7.712649539,0.8494,-0.0731,0.4352,0.957
7.738619616,0.8028,-0.0509,0.4909,0.942
7.739118462,0.7602,-0.0338,0.5224,0.923
7.739267077,0.7309,-0.0130,0.5346,0.906
7.739395924,0.7074,-0.0003,0.5246,0.881
7.739511385,0.6957,-0.0001,0.5112,0.863
7.743119385,0.6962,-0.0084,0.4963,0.855
7.749971616,0.7146,-0.0303,0.4729,0.857
7.753011924,0.7614,-0.0572,0.4652,0.894
7.759468847,0.8245,-0.0863,0.4738,0.955
7.764084308,0.8990,-0.1105,0.4878,1.029
7.768267308,0.9701,-0.1291,0.5088,1.103
7.77351877,1.0080,-0.1493,0.5368,1.152
7.780455616,1.0043,-0.1666,0.5542,1.159
7.784379385,0.9675,-0.1762,0.5710,1.137
7.789400001,0.9056,-0.1833,0.6160,1.111
7.793395077,0.8428,-0.1794,0.6434,1.075
7.798591308,0.7828,-0.1808,0.6578,1.038
7.80384577,0.7304,-0.1880,0.6800,1.015
7.808623001,0.6957,-0.1908,0.7052,1.009
7.814138693,0.6823,-0.1884,0.7112,1.003
7.818653539,0.6850,-0.1952,0.6951,0.995
7.824146693,0.7089,-0.2082,0.6930,1.013
7.828872539,0.7316,-0.2183,0.7017,1.037
7.854816539,0.7463,-0.2258,0.7103,1.055
7.855373847,0.7478,-0.2404,0.7379,1.078
7.855531924,0.7370,-0.2495,0.7976,1.114
7.855778154,0.7190,-0.2595,0.8512,1.144
7.855919385,0.7113,-0.2781,0.8752,1.162
7.859479924,0.7299,-0.2937,0.8952,1.192
7.864959616,0.7619,-0.3066,0.8996,1.218
7.868919924,0.8040,-0.3159,0.8857,1.237
7.874436847,0.8555,-0.3174,0.8674,1.259
7.881185539,0.9142,-0.3061,0.8610,1.293
7.884175924,0.9513,-0.3071,0.8505,1.313
7.88886177,0.9493,-0.3147,0.8410,1.307
7.894004924,0.9193,-0.3082,0.8479,1.288
7.900645154,0.8978,-0.2747,0.8503,1.267
7.903930077,0.8775,-0.2341,0.8379,1.236
7.909351924,0.8382,-0.2111,0.8276,1.197
7.950270078,0.7884,-0.1950,0.8246,1.157
7.951098385,0.7334,-0.1836,0.8221,1.117
7.95141077,0.6862,-0.1882,0.8076,1.076
7.951673847,0.6677,-0.1882,0.7918,1.053
7.95192577,0.6645,-0.1769,0.7870,1.045
7.952172616,0.6545,-0.1806,0.7746,1.030
7.952426693,0.6571,-0.1826,0.7518,1.015
7.952688924,0.6652,-0.1759,0.7313,1.004
7.95518577,0.6577,-0.1771,0.7149,0.987
7.960445231,0.6396,-0.2006,0.6947,0.965
7.965152616,0.6391,-0.2099,0.6761,0.954
7.969735308,0.6419,-0.2121,0.6624,0.947
7.975111385,0.6400,-0.2116,0.6487,0.936
7.980820924,0.6235,-0.2109,0.6406,0.918
7.98499777,0.6119,-0.2106,0.6225,0.898
7.990339308,0.6156,-0.1992,0.6036,0.885
8.001024308,0.6274,-0.1771,0.5908,0.880
8.001735385,0.6227,-0.1779,0.5779,0.868
8.005665154,0.6227,-0.1933,0.5703,0.866
8.010103693,0.6454,-0.1864,0.5717,0.882
8.025412847,0.6610,-0.1759,0.5871,0.901
8.025983693,0.6666,-0.1679,0.5935,0.908
8.026234154,0.6769,-0.1598,0.5882,0.911
8.030814154,0.6969,-0.1582,0.5771,0.919
8.034711924,0.7241,-0.1630,0.5735,0.938
8.040274462,0.7472,-0.1689,0.5766,0.959
8.045124847,0.7725,-0.1728,0.5808,0.982
8.049979078,0.8028,-0.1735,0.5847,1.008
8.055237539,0.8384,-0.1725,0.5935,1.042
8.06065877,0.8746,-0.1713,0.6060,1.078
8.066593231,0.9029,-0.1696,0.6199,1.108
8.070192539,0.9195,-0.1689,0.6326,1.129
8.075963616,0.9202,-0.1694,0.6392,1.133
8.081749231,0.9146,-0.1710,0.6414,1.130
8.086209154,0.9109,-0.1733,0.6453,1.130
8.090576924,0.9039,-0.1808,0.6490,1.127
8.097622693,0.8946,-0.1924,0.6509,1.123
8.100580001,0.8799,-0.2048,0.6418,1.108
8.105427308,0.8660,-0.2138,0.6253,1.089
8.110587308,0.8533,-0.2204,0.6174,1.076
8.116797847,0.8333,-0.2265,0.6253,1.066
8.120810385,0.8082,-0.2304,0.6392,1.056
8.125543385,0.7886,-0.2307,0.6467,1.046
8.155311385,0.7844,-0.2400,0.6443,1.043
8.155884616,0.7835,-0.2483,0.6316,1.037
8.156043385,0.7737,-0.2530,0.6176,1.022
8.156174462,0.7619,-0.2488,0.6048,1.004
8.156293154,0.7500,-0.2453,0.5913,0.986
8.156419924,0.7434,-0.2437,0.5745,0.971
8.161306693,0.7360,-0.2419,0.5566,0.954
8.166367001,0.7226,-0.2392,0.5483,0.938
8.170976539,0.7031,-0.2392,0.5475,0.923
8.176726385,0.6840,-0.2439,0.5424,0.906
8.182552001,0.6669,-0.2416,0.5319,0.887
8.185976001,0.6512,-0.2332,0.5146,0.862
8.191172231,0.6400,-0.2253,0.4973,0.841
8.196295078,0.6342,-0.2180,0.4836,0.827
8.201297231,0.6400,-0.2090,0.4741,0.823
8.207738078,0.6545,-0.2031,0.4697,0.831
8.211926078,0.6677,-0.2001,0.4669,0.839
8.216725539,0.6738,-0.1962,0.4555,0.837
8.221458154,0.6779,-0.1920,0.4326,0.827
8.227648616,0.6796,-0.1867,0.4084,0.815
8.257033231,0.6718,-0.1733,0.3497,0.777
8.257647924,0.6738,-0.1689,0.2400,0.735
8.257820001,0.7055,-0.1845,0.2571,0.773
8.257951924,0.7272,-0.1813,0.4015,0.850
8.258079001,0.7360,-0.1752,0.4990,0.906
8.258193847,0.7373,-0.1787,0.4987,0.908
8.261463308,0.7439,-0.1769,0.4676,0.896
8.266460308,0.7497,-0.1703,0.4503,0.891
8.27185777,0.7678,-0.1579,0.4520,0.905
8.277451693,0.7954,-0.1515,0.4645,0.933
8.282374154,0.8084,-0.1626,0.4870,0.958
8.287682462,0.8182,-0.1713,0.5193,0.984
8.292851924,0.8282,-0.1799,0.5459,1.008
8.297538154,0.8371,-0.1875,0.5593,1.024
8.302227924,0.8472,-0.1911,0.5625,1.035
8.307801539,0.8594,-0.1904,0.5689,1.048
8.312383001,0.8714,-0.1850,0.5894,1.068
8.342323385,0.8736,-0.1806,0.6094,1.080
8.342766462,0.8667,-0.1762,0.6148,1.077
8.342908001,0.8557,-0.1752,0.6136,1.067
8.343028924,0.8416,-0.1799,0.6071,1.053
8.343151308,0.8408,-0.1735,0.5896,1.041
8.34326677,0.8408,-0.1638,0.5507,1.018
8.347550385,0.8157,-0.1615,0.4936,0.967
8.351826154,0.7714,-0.1608,0.4298,0.898
8.356949847,0.7472,-0.1684,0.3914,0.860
8.36223477,0.7502,-0.1720,0.3858,0.861
